no,time_utc,block,tx_hash,to_addr,amount,token
1,2026-06-26 07:02:40,106441826,0xd31c2bced668761c83da051340091ad516b3755d26b5311cf3a127cd73c82ed0,0x0d078db61bbf7f7c7162da9caf78d15baf98cd4b,227.27,BSC-USD
2,2026-06-26 07:02:40,106441826,0xd31c2bced668761c83da051340091ad516b3755d26b5311cf3a127cd73c82ed0,0x161db08f1081297401d5eeeaf4cb9283b11f3dd9,227.27,BSC-USD
3,2026-06-26 07:02:40,106441826,0xd31c2bced668761c83da051340091ad516b3755d26b5311cf3a127cd73c82ed0,0x20105f900f277786c6ba48c7147f28e294c9aac6,227.27,BSC-USD
4,2026-06-26 07:02:40,106441826,0xd31c2bced668761c83da051340091ad516b3755d26b5311cf3a127cd73c82ed0,0x259c4cf0a61e57b7da0d0570bd4a833301d324cf,227.27,BSC-USD
5,2026-06-26 07:02:40,106441826,0xd31c2bced668761c83da051340091ad516b3755d26b5311cf3a127cd73c82ed0,0x3c94a801d8a2cc24c027856fccaa5f7fa6a3f1e5,227.27,BSC-USD
6,2026-06-26 07:02:40,106441826,0xd31c2bced668761c83da051340091ad516b3755d26b5311cf3a127cd73c82ed0,0x4b6627a7e739465b1ed764968ba52d9b7e06721e,227.27,BSC-USD
7,2026-06-26 07:02:40,106441826,0xd31c2bced668761c83da051340091ad516b3755d26b5311cf3a127cd73c82ed0,0x4f3ea7a9495926304fc56f62f6d1c75aaf83bcc9,227.27,BSC-USD
8,2026-06-26 07:02:40,106441826,0xd31c2bced668761c83da051340091ad516b3755d26b5311cf3a127cd73c82ed0,0x54e4c3615f28a426d01038625ed82a7211aa1ad3,227.27,BSC-USD
9,2026-06-26 07:02:40,106441826,0xd31c2bced668761c83da051340091ad516b3755d26b5311cf3a127cd73c82ed0,0x5cbad4b0586f5c41d70bdf77cbad8ccb96ea0a80,227.27,BSC-USD
10,2026-06-26 07:02:40,106441826,0xd31c2bced668761c83da051340091ad516b3755d26b5311cf3a127cd73c82ed0,0x72e6360ccb38d2fc767a8ac75e6cdfd579fedd4b,227.27,BSC-USD
11,2026-06-26 07:02:40,106441826,0xd31c2bced668761c83da051340091ad516b3755d26b5311cf3a127cd73c82ed0,0x7711b46d8f95e22dadfdb20193ab483e7c6821e1,227.27,BSC-USD
12,2026-06-26 07:02:40,106441826,0xd31c2bced668761c83da051340091ad516b3755d26b5311cf3a127cd73c82ed0,0x8b73de54bd56f1f44cad239cf6ae34001b0bfdab,227.27,BSC-USD
13,2026-06-26 07:02:40,106441826,0xd31c2bced668761c83da051340091ad516b3755d26b5311cf3a127cd73c82ed0,0x9ed7549d4cef4cd203af6008c2358c6cc0e7ea98,227.27,BSC-USD
14,2026-06-26 07:02:40,106441826,0xd31c2bced668761c83da051340091ad516b3755d26b5311cf3a127cd73c82ed0,0xbb249bf5d94710ea13703e7bb9a3185330e78ae8,227.27,BSC-USD
15,2026-06-26 07:02:40,106441826,0xd31c2bced668761c83da051340091ad516b3755d26b5311cf3a127cd73c82ed0,0xbe3eda60be7c76a41f661e965181fd1c7ae1a231,227.27,BSC-USD
16,2026-06-26 07:02:40,106441826,0xd31c2bced668761c83da051340091ad516b3755d26b5311cf3a127cd73c82ed0,0xc812b0eff09898c68ce3cdc54f0d68a8bb7dc372,227.27,BSC-USD
17,2026-06-26 07:02:40,106441826,0xd31c2bced668761c83da051340091ad516b3755d26b5311cf3a127cd73c82ed0,0xd0b0897a6db4a5dfcebda3eb5717c3b7df98d763,227.27,BSC-USD
18,2026-06-26 07:02:40,106441826,0xd31c2bced668761c83da051340091ad516b3755d26b5311cf3a127cd73c82ed0,0xd175e596c07fb6d23c8503dad6acdb73e25bd0b7,227.27,BSC-USD
19,2026-06-26 07:02:40,106441826,0xd31c2bced668761c83da051340091ad516b3755d26b5311cf3a127cd73c82ed0,0xdde3fe13a7a69fa2ea640d3f88d939cf9991e44f,227.27,BSC-USD
20,2026-06-26 07:02:40,106441826,0xd31c2bced668761c83da051340091ad516b3755d26b5311cf3a127cd73c82ed0,0xdfbea1bbb3de4dc705eb673f9cfc7dedeeafe00d,227.27,BSC-USD
21,2026-06-26 07:02:40,106441826,0xd31c2bced668761c83da051340091ad516b3755d26b5311cf3a127cd73c82ed0,0xf21711063ef7cb0f6f6febba8ad9c8ba6c76b269,227.27,BSC-USD
22,2026-06-26 07:02:40,106441826,0xd31c2bced668761c83da051340091ad516b3755d26b5311cf3a127cd73c82ed0,0xfad4c61d57cd55426ea53cd0c41d60d2f1cd7a83,227.27,BSC-USD
