opener,pack,ts,quantity,usd,tx_hash
0x0d078db61bbf7f7c7162da9caf78d15baf98cd4b,OMEGA,2026-06-07 15:54:13,5,240,0xd0a929ba7844083e4a61dadeeff4a10390dab9c9da4e9b73e1b9bdade26ee741
0x0d078db61bbf7f7c7162da9caf78d15baf98cd4b,OMEGA,2026-06-07 15:55:37,1,48,0x150192cee462e5e9bc657234144deaceb3d8365d41a2f8f0ebbbd6e1ec3106c1
0x0d078db61bbf7f7c7162da9caf78d15baf98cd4b,OMEGA,2026-06-09 14:50:45,5,240,0x049be213bcc4548f581734f1efb41c8e3fe2f23f1a5ac90259f49a85956cbf6d
0x0d078db61bbf7f7c7162da9caf78d15baf98cd4b,Eden,2026-06-09 15:23:17,1,150,0x74675f0d7e33b641a7e5575f0237956132d5c79ed64a420aaa0795dae4f8709c
0x0d078db61bbf7f7c7162da9caf78d15baf98cd4b,RenaCrypt,2026-06-09 15:31:08,1,88,0x7f36d06ebab9e4168ef868a06792ea092d74c850f017d8b4ab7e14b20038283c
0x0d078db61bbf7f7c7162da9caf78d15baf98cd4b,OMEGA,2026-06-09 15:55:22,5,240,0xd071d77db45b1859bcab7417df1498ffc63edaab0626700f83fcc08159e1d2a5
0x0d078db61bbf7f7c7162da9caf78d15baf98cd4b,OMEGA,2026-06-09 16:03:45,1,48,0x4c2e7b3c63f46d67282556ce456cd290c889cf78b7c04de9d28d31bad7e73b2b
0x0d078db61bbf7f7c7162da9caf78d15baf98cd4b,OMEGA,2026-06-11 23:49:29,1,48,0x498d07d8a4ed78713118667ea73b263f60ab71e7adcd27b49512a26df0c8df09
0x0d078db61bbf7f7c7162da9caf78d15baf98cd4b,OMEGA,2026-06-11 23:50:56,5,240,0xa993eb1e2af166da285dab5372a160f374900e48f7f94c0b249f42fe3ecea5bc
0x0d078db61bbf7f7c7162da9caf78d15baf98cd4b,OMEGA,2026-06-11 23:51:36,5,240,0xcca34d0c2f6c06f44896ad05c862b341111edfb47fffdb7b1663cdb8b0999bfb
0x0d078db61bbf7f7c7162da9caf78d15baf98cd4b,Early,2026-06-12 17:02:15,1,100,0xbac5ad74c8bb49c18a85690967062c45325328ac6efba39b06f79b10d7351352
0x0d078db61bbf7f7c7162da9caf78d15baf98cd4b,OMEGA,2026-06-12 17:59:23,10,480,0xbf45504ed14158f2e6d85c3454517364a0976227bb0e5ea6e8fd7d07b9821495
0x0d078db61bbf7f7c7162da9caf78d15baf98cd4b,Early,2026-06-19 18:27:01,1,100,0x6f7eb44a4470f18d312286648faac92cd18758c4386e1557953934591deaee63
0x0d078db61bbf7f7c7162da9caf78d15baf98cd4b,Early,2026-06-19 18:30:24,1,100,0x41c24b3095bbfb2bbc9b8dee3271a6d7259b4fc79c9fbc506deaffcae9e99070
0x0d078db61bbf7f7c7162da9caf78d15baf98cd4b,Early,2026-06-19 18:31:30,1,100,0xf60b3974e51c511ca0a42441873372076c7edb256bcd61c421f098b67bb6b7ad
0x0d078db61bbf7f7c7162da9caf78d15baf98cd4b,Early,2026-06-26 17:02:22,1,100,0xf82210b5da63def6bc9f8f1b41017c8581c27c7ba64ec300304f7cd3e0b4eb51
0x161db08f1081297401d5eeeaf4cb9283b11f3dd9,Early,2026-05-22 17:02:39,1,100,0x9f4a9f28c85a02962e5d1bcdf87192d989b7acf80de7f4d4c342cf7a5c3c3c38
0x161db08f1081297401d5eeeaf4cb9283b11f3dd9,Eden,2026-05-29 17:01:14,1,150,0x3f39d47ccdd2ad86f4cc7edc773f4a307f62e81bdcea46ea3dae04cb2e745467
0x161db08f1081297401d5eeeaf4cb9283b11f3dd9,Eden,2026-05-29 17:02:43,1,150,0x4d7c134472d8e74ebfbe0e16050d75165e4a017002f163dfff1550d2aafd7c28
0x161db08f1081297401d5eeeaf4cb9283b11f3dd9,Eden,2026-05-29 17:03:41,1,150,0x5dd710163efc208a1a412017ca52f8b102dc0f1dd7c8d4dd8d9cccc649737869
0x161db08f1081297401d5eeeaf4cb9283b11f3dd9,Eden,2026-05-29 17:04:18,1,150,0x0fa93ec0d29dc2342ae28513a8a61bea076632de77a4a3f06690fec6f92c7566
0x161db08f1081297401d5eeeaf4cb9283b11f3dd9,Eden,2026-05-29 17:04:53,1,150,0x7ee893089a3e6c0654fe5107a90d686e3d16025dfee0671150a737f8cee9349d
0x161db08f1081297401d5eeeaf4cb9283b11f3dd9,Eden,2026-05-29 17:05:42,1,150,0x66fdab8a402f61907fdba8d31dd0edc6193db9d950f696aac844fce8ae7fbf6c
0x161db08f1081297401d5eeeaf4cb9283b11f3dd9,Early,2026-06-05 17:01:39,1,100,0x93a677773a1c1af72cd02b2ce5dffed26b4591af93966815c76b99ce05792b5d
0x161db08f1081297401d5eeeaf4cb9283b11f3dd9,Early,2026-06-05 17:06:32,1,100,0x307aadd25c84a2a8f905789e5bd28e2d5dd22cb566b7bee3ae66ef4956170a95
0x161db08f1081297401d5eeeaf4cb9283b11f3dd9,Early,2026-06-05 17:13:54,1,100,0x173fb80c1988b3144aa4cfaa542599633854dece54d09f6a97fe51b565af1d9b
0x161db08f1081297401d5eeeaf4cb9283b11f3dd9,Early,2026-06-05 17:20:36,1,100,0x0a15dfa6289396f901b8c099ecd17a9e83eeb63619e7f2efa39a0be9aeea8641
0x161db08f1081297401d5eeeaf4cb9283b11f3dd9,Eden,2026-06-07 05:26:04,1,150,0xcc9d648e2446c1d99dbdf8a7c766c4a87fa74699dfea35113f7c3a9a820c813f
0x161db08f1081297401d5eeeaf4cb9283b11f3dd9,Eden,2026-06-07 05:26:34,1,150,0x29fd6148b4ea1f134ea4495d42dc43e26cebad8d8d4e3d070c9cbdfa6d1bcabe
0x161db08f1081297401d5eeeaf4cb9283b11f3dd9,Eden,2026-06-07 05:27:11,1,150,0x838fccbb486703959166527f819d34b38d5812fce8d77bdd5f7d62bb4bfb6675
0x161db08f1081297401d5eeeaf4cb9283b11f3dd9,Eden,2026-06-07 05:27:41,1,150,0xdd2b90eaadd412e4e5ce67f6c582e67da2a9d7f20658dbe76746078f4220bd5b
0x161db08f1081297401d5eeeaf4cb9283b11f3dd9,Eden,2026-06-07 05:28:06,1,150,0xba5ecfd2eeafd532a7e86d048a614f21f2003e9588a57fad92c75858ec01fc6a
0x161db08f1081297401d5eeeaf4cb9283b11f3dd9,Eden,2026-06-07 05:28:32,1,150,0x0c70975536b472ab8efbabc93afb9f04b0d84e27939bf5df06a03027022e935c
0x161db08f1081297401d5eeeaf4cb9283b11f3dd9,Eden,2026-06-07 05:35:30,5,750,0x5f56b738c6094a7ff740d9856b4525238a4bed957662ec9fa28adf88a621e137
0x161db08f1081297401d5eeeaf4cb9283b11f3dd9,Early,2026-06-12 17:06:16,1,100,0x3ffa056716ffd1de4e058ceb159455960d9d9c90a476d5df7397cc9e3752a97a
0x161db08f1081297401d5eeeaf4cb9283b11f3dd9,Early,2026-06-19 17:08:15,1,100,0xef3269236fbfba2dc1bec3c22fd0a12401dd86fa5ba0666a9e2bd9fb87844b71
0x161db08f1081297401d5eeeaf4cb9283b11f3dd9,Early,2026-06-26 17:09:08,1,100,0x3ca5ea11b9847af6e2f3fb4482948cfa478e91a82d792b88484384c30fa2aecf
0x20105f900f277786c6ba48c7147f28e294c9aac6,RenaCrypt,2026-06-12 22:26:24,1,88,0xf225708eefe7ad55e2a1a798cc6da5b1b984cc817853db88a4242ad351a7de29
0x20105f900f277786c6ba48c7147f28e294c9aac6,RenaCrypt,2026-06-25 21:45:24,1,88,0x76958ff28800181ab4e964d702c092f178d3f147b6e52004ee3bfd0c9155943c
0x20105f900f277786c6ba48c7147f28e294c9aac6,RenaCrypt,2026-06-25 22:02:58,1,88,0xc1a0f0bee927605c147a4a5c87ad8dc788122a171f7b65b473544641aaecb683
0x20105f900f277786c6ba48c7147f28e294c9aac6,RenaCrypt,2026-06-26 01:00:53,1,88,0x9753c735aa6207d657654f18b7ae6ee715623af014a2c5549d386a941228e6ce
0x20105f900f277786c6ba48c7147f28e294c9aac6,OMEGA,2026-06-26 01:08:13,1,48,0x742a963d48a4e013cd4d711923e0b75a13611019c3ceee4f9ceb6839a09bfd71
0x20105f900f277786c6ba48c7147f28e294c9aac6,RenaCrypt,2026-06-26 01:08:42,1,88,0x512f6be5966ee8d99a6eb9a07d99fc5d276f29731d296af3af57350d97d5a958
0x20105f900f277786c6ba48c7147f28e294c9aac6,OMEGA,2026-06-26 01:42:25,1,48,0x9b0080f021fd5e71fd107240279da1ea25fa603ec7bd3c21b455f732d68879ff
0x20105f900f277786c6ba48c7147f28e294c9aac6,OMEGA,2026-06-26 01:42:59,1,48,0xffea1e9f4e96ffe8a224c9e14f3f12a624f6d0707872a83d576a6eb70c07b72d
0x20105f900f277786c6ba48c7147f28e294c9aac6,OMEGA,2026-06-26 01:43:30,1,48,0xd091a51b41124aa81bb3b6c8a4187a9b54f22386303f51f8f01fc5114f50a0c9
0x20105f900f277786c6ba48c7147f28e294c9aac6,OMEGA,2026-06-26 01:44:06,1,48,0x60fc83e2d416e68479e94c11ff81f30d7b7f87d374300df9b4fde17e4c4ad787
0x20105f900f277786c6ba48c7147f28e294c9aac6,OMEGA,2026-06-26 01:44:42,1,48,0x34b56e7df504afadaa9b904e31fadb81085a190bfb48d6f24b7d1cdf4b9898a5
0x20105f900f277786c6ba48c7147f28e294c9aac6,OMEGA,2026-06-26 01:45:34,1,48,0xe1e9527be478fe69879902ce41e80324bb4710034ece58c4f9e920b48f4c6d43
0x20105f900f277786c6ba48c7147f28e294c9aac6,OMEGA,2026-06-26 01:46:12,1,48,0xe4fff673cd83e5a63f75e68b46953b00af6bacddff304847a016a0a1d27c0887
0x20105f900f277786c6ba48c7147f28e294c9aac6,Early,2026-06-26 18:42:25,1,100,0x36e3158957ee9bfbfa637d91ea5afc8d9aa9613da803ddf1b7b608e2047b2b53
0x20105f900f277786c6ba48c7147f28e294c9aac6,Early,2026-06-26 18:43:09,1,100,0x670e608f38008e6832398b37863a4a6da4fcd5222d1a607c2ed07a250b3f4fae
0x20105f900f277786c6ba48c7147f28e294c9aac6,Early,2026-06-26 18:51:53,1,100,0xc2fa42b67bc4820191a8874166c28543139001ad80f4a25bd526280a728da564
0x20105f900f277786c6ba48c7147f28e294c9aac6,Early,2026-06-26 19:01:05,1,100,0xfd875a422503897a44d04f2858d5386116bc606e6279cbff54abf2dddfa46014
0x20105f900f277786c6ba48c7147f28e294c9aac6,Early,2026-06-26 19:01:23,1,100,0x0a7aa99992a060fb2d98deceafbb92d39f40036c3b7e6e8b5a6b339352f1a294
0x20105f900f277786c6ba48c7147f28e294c9aac6,Early,2026-06-26 19:01:56,1,100,0x7761dc3b8ce0d6092c91a0f9da2ccdba34dc5cdb1b9b9510c4b84b0225abb94c
0x20105f900f277786c6ba48c7147f28e294c9aac6,Early,2026-06-26 19:03:07,1,100,0x222f8aa813295dffc82fd974765e3ff932606a6532eb4747fb120740d9da6242
0x20105f900f277786c6ba48c7147f28e294c9aac6,Early,2026-06-26 19:03:30,1,100,0x5b7cd5bde30178cfcd710a8e459360f17e3993bcef579a3e4a3f00e664fff814
0x20105f900f277786c6ba48c7147f28e294c9aac6,Early,2026-06-26 19:04:18,1,100,0xc49f0fba4328fb0af05f0b49ffdbc1dbfa9a63e15331f13b7755b6375747983e
0x20105f900f277786c6ba48c7147f28e294c9aac6,Early,2026-06-26 19:08:50,1,100,0xd65dfb2812870b2ba6d453354c091dc7336c005a870329655f43c5ac41a76df2
0x20105f900f277786c6ba48c7147f28e294c9aac6,Early,2026-06-26 19:09:24,1,100,0x2efade1ff6a49da98d4d0d3fd3c5ead7a15d3dc9a70b74d5ef4433fae5fdf3a5
0x20105f900f277786c6ba48c7147f28e294c9aac6,Early,2026-06-26 19:15:25,1,100,0x507e5cb8c2203b4e0b88260ddc4e13b6269da32f407a00cfeafda5cba3bd90ca
0x20105f900f277786c6ba48c7147f28e294c9aac6,Early,2026-06-26 19:15:57,1,100,0x022d2ad03057a02d40a59b92a7388d77591eafbb58868325aa3026ef21d376e8
0x20105f900f277786c6ba48c7147f28e294c9aac6,Early,2026-06-26 19:17:16,1,100,0x7f0951e8777c5ea1706b0816d24384cced54b6c2395e893bf0574fc12954a012
0x20105f900f277786c6ba48c7147f28e294c9aac6,Early,2026-06-26 19:20:05,1,100,0x70ebefde5555b797151b4243240c93e63df49ba407ed29db2a410c41f961da5b
0x20105f900f277786c6ba48c7147f28e294c9aac6,Early,2026-06-26 19:21:19,1,100,0xdfbdb1a918b423edc64638288a1e2cac55c588393bdc0d9b788ba098f6499a41
0x20105f900f277786c6ba48c7147f28e294c9aac6,Early,2026-06-26 19:23:32,1,100,0x2a6718e31b868b1fab1dff3fade6e055d09b1b9d6d0e5726ce6deb87a702a5f2
0x259c4cf0a61e57b7da0d0570bd4a833301d324cf,Early,2026-05-22 17:02:37,1,100,0x3684ab89e469b1f10025c22019dc3ddd60fe590e6a17d880278d4df229ff8496
0x259c4cf0a61e57b7da0d0570bd4a833301d324cf,OMEGA,2026-05-23 14:23:59,10,480,0xaedd52aa38eeb03360ed448cf4ab3aab2d4c14d106a1b1a1b50455fec59d9a42
0x259c4cf0a61e57b7da0d0570bd4a833301d324cf,OMEGA,2026-05-24 21:09:56,5,240,0xe48fefaf75ca02f458d7de19d9565e8cac3c2d9502d46f548110db45d1cc475e
0x259c4cf0a61e57b7da0d0570bd4a833301d324cf,OMEGA,2026-05-24 21:47:32,5,240,0xe76f822726009e8db629278ca063739c544f1e800270eaa0e29da73856b38932
0x259c4cf0a61e57b7da0d0570bd4a833301d324cf,OMEGA,2026-05-25 15:38:51,5,240,0x93b7711e369fd5b4f49065467d5de3da9136cc553e983c98b4984b0a11c8df03
0x259c4cf0a61e57b7da0d0570bd4a833301d324cf,OMEGA,2026-05-26 01:58:37,5,240,0x8a3bb9832960e9e42ff25bb8edeb253c375caa6b4c1b8fa7229f8bd537d24772
0x259c4cf0a61e57b7da0d0570bd4a833301d324cf,OMEGA,2026-05-26 02:12:56,5,240,0x6aa53016e190f288931bcf5ee8724a7ca7dea9d27980f4cdb7e8772e60d177d2
0x259c4cf0a61e57b7da0d0570bd4a833301d324cf,OMEGA,2026-05-26 20:09:46,5,240,0x60b157993b0d13ccd71a38c6fc89dca07eac152adffe7551cda078eb6472aa9d
0x259c4cf0a61e57b7da0d0570bd4a833301d324cf,OMEGA,2026-05-26 20:11:40,5,240,0x4e735d7124792a9dbd9077392270e5d92379468942096344ae824f0376dc1b88
0x259c4cf0a61e57b7da0d0570bd4a833301d324cf,OMEGA,2026-05-26 20:12:17,1,48,0xa6cf0ac116456b9b7a659dfa9471787ce9893af14e24a0670b0277b8be4f8119
0x259c4cf0a61e57b7da0d0570bd4a833301d324cf,OMEGA,2026-05-26 20:13:50,1,48,0xb3c15aa2182491d54fc7f1da62019220666583194574ee64c37c93ad10700ab8
0x259c4cf0a61e57b7da0d0570bd4a833301d324cf,OMEGA,2026-05-27 00:16:26,10,480,0x90f713d392a283be611b59b21fe20ae33f43063824ed3866023a7a69e0af03bb
0x259c4cf0a61e57b7da0d0570bd4a833301d324cf,OMEGA,2026-05-27 00:17:11,5,240,0x61cf586fd8aa22420dbfff9bd98ff43ad5dfadf0f7d7fb3ce45cb4d62c053b4d
0x259c4cf0a61e57b7da0d0570bd4a833301d324cf,OMEGA,2026-05-27 00:21:44,5,240,0xc793339961d5c0c3e2af4c924bb6720c854848d5dc722f3908ce2396f562e4d9
0x259c4cf0a61e57b7da0d0570bd4a833301d324cf,OMEGA,2026-05-27 18:58:37,5,240,0x5725f64ea862807931eeb580a31713ccdd2cca098cdcef2105fd3d2c22dcfe5a
0x259c4cf0a61e57b7da0d0570bd4a833301d324cf,OMEGA,2026-05-27 21:13:31,5,240,0xcebfd0b1cb912d10640451008f6b02d711e93c3cd5949c52ad9445876c4fd01c
0x259c4cf0a61e57b7da0d0570bd4a833301d324cf,OMEGA,2026-05-27 21:22:49,5,240,0x39bac9323b5868a7ee8b9b0df880e2b411c53365d4c2c76a4af19ba1d911a8c1
0x259c4cf0a61e57b7da0d0570bd4a833301d324cf,OMEGA,2026-05-27 21:26:36,5,240,0x265105a1653c9b860f4d7d62aec24e3032acbbf662387fba4972cf1bdacd47bd
0x259c4cf0a61e57b7da0d0570bd4a833301d324cf,Eden,2026-05-29 17:03:22,1,150,0xd69bb0fa99c64af00b0f592a5bdd73246d0d2c89c639147a3a22830426612e55
0x259c4cf0a61e57b7da0d0570bd4a833301d324cf,Eden,2026-05-29 17:19:37,1,150,0x3b918e140f776393654a60ba0d31d4d825edb26d020587726258cbafafec4d21
0x259c4cf0a61e57b7da0d0570bd4a833301d324cf,Early,2026-06-05 17:14:41,1,100,0x52fd49afd4425ddfdf725bd5e1ae267cb340d2c65fe34817425775aa89ee860c
0x259c4cf0a61e57b7da0d0570bd4a833301d324cf,Early,2026-06-12 17:02:57,1,100,0x8f7da6e29a8017cf2c7759b3b5744eb42d2f008d2e8d5de3d0259ef7462e7438
0x259c4cf0a61e57b7da0d0570bd4a833301d324cf,Early,2026-06-19 17:16:14,1,100,0xab494ae97d0abc3a3959b8881fad6dbb94e1424acf5e4afde523523d8263c683
0x259c4cf0a61e57b7da0d0570bd4a833301d324cf,Early,2026-06-26 17:15:25,1,100,0x0862d48d467d007e96433c811b7cdc68a95e4fe433d894f029e8598298370b54
0x3c94a801d8a2cc24c027856fccaa5f7fa6a3f1e5,OMEGA,2026-05-28 05:50:31,5,240,0x64298414788ec35f7bda3c930f4ef7c028492cb539256a26a52466cda14f84fa
0x3c94a801d8a2cc24c027856fccaa5f7fa6a3f1e5,OMEGA,2026-05-28 12:47:15,10,480,0x4e4f12fe92f36d3fedd79ff239fadb47b7274a02c238b27a5f1f4acd898bee4b
0x3c94a801d8a2cc24c027856fccaa5f7fa6a3f1e5,OMEGA,2026-05-28 13:09:09,10,480,0x45750d6927f7090ca5d6d8fdbbb4fce3b0dfe0497e7ed2e1127f3ee9a6c3ee77
0x3c94a801d8a2cc24c027856fccaa5f7fa6a3f1e5,OMEGA,2026-05-28 13:09:12,10,480,0x1f2b29c72a5ddff99f5ad4ac9bec26898beb1ed0f7906e76388ef7858baba221
0x3c94a801d8a2cc24c027856fccaa5f7fa6a3f1e5,OMEGA,2026-05-28 13:09:28,10,480,0xc3c74c22932f2a31c035618f5affe1321bf27860d077f473d4550f8101644fbc
0x3c94a801d8a2cc24c027856fccaa5f7fa6a3f1e5,OMEGA,2026-05-28 13:10:04,10,480,0xc30d2208837dc41e0ac67d6468540f0e67c7f48ef9d8c8f84944d9757ec513ef
0x3c94a801d8a2cc24c027856fccaa5f7fa6a3f1e5,OMEGA,2026-05-28 13:10:10,5,240,0xbc2caf5f89c33ca6b55515e2e74f1870751a1c4195ca1f18fd26fee703718dd8
0x3c94a801d8a2cc24c027856fccaa5f7fa6a3f1e5,OMEGA,2026-05-28 13:10:12,10,480,0x5f67dcae8b54bdde0c53ffad9b9d13a2f16b20697f74323a3799a0149c005075
0x3c94a801d8a2cc24c027856fccaa5f7fa6a3f1e5,OMEGA,2026-05-28 13:10:49,10,480,0xb14d81c3f9c1cb3a243242e0ad1fb6b351ff4ec848f0714db853a6cb8aae9941
0x3c94a801d8a2cc24c027856fccaa5f7fa6a3f1e5,OMEGA,2026-05-28 13:11:48,10,480,0x13c1c959b3ec4741257ea16736c5403bc3698bc727c1b3f205e237ee1731e74f
0x3c94a801d8a2cc24c027856fccaa5f7fa6a3f1e5,OMEGA,2026-05-28 13:12:18,10,480,0x05d95ababcded252160d8d94f27200ce38d27b946801c530fbb906c9c9156d09
0x3c94a801d8a2cc24c027856fccaa5f7fa6a3f1e5,OMEGA,2026-05-28 13:14:28,10,480,0xfb50eee982c44da8a7d86aaeca274be16e3e89667c95a8e0b6d2b39bfd0e2a85
0x3c94a801d8a2cc24c027856fccaa5f7fa6a3f1e5,OMEGA,2026-05-28 13:14:52,10,480,0x028958dde263e37dde97a68a2a0b4c02be5b3bc2b67401c2fe626e611b54f63c
0x3c94a801d8a2cc24c027856fccaa5f7fa6a3f1e5,Eden,2026-05-29 17:02:50,1,150,0x586303ceb8d9d56b355dabbf244bdfdc0be4380a07cfde6ce781fc3218c26710
0x3c94a801d8a2cc24c027856fccaa5f7fa6a3f1e5,Early,2026-06-12 17:01:34,1,100,0xf6149447c5985c3c99cb09a6fa18e1ab8cb67ddbc618566ad6edc93a4b7ab57d
0x3c94a801d8a2cc24c027856fccaa5f7fa6a3f1e5,Early,2026-06-19 17:01:37,1,100,0x0b00c62bc9eb1a9c22d60298fc4777eed2b09f56a672a67cb94728878e23ba51
0x3c94a801d8a2cc24c027856fccaa5f7fa6a3f1e5,Early,2026-06-26 17:01:02,1,100,0xabb7bc9520f6b3d3511773f03f674344a2e42e1550beb194a729f22a66f29acf
0x4b6627a7e739465b1ed764968ba52d9b7e06721e,OMEGA,2026-05-22 00:12:00,1,48,0x7759995b4176b7f36763d9a26c9430dba5898ada04ba136d36e16327bc633596
0x4b6627a7e739465b1ed764968ba52d9b7e06721e,OMEGA,2026-05-22 00:13:53,1,48,0xbb82093bf5c16968b35388bfa8d18853ac545b37726359a91099741f9e1a49c6
0x4b6627a7e739465b1ed764968ba52d9b7e06721e,Early,2026-05-22 17:02:40,1,100,0x16fcf9e9783ba153420117d13f190319fe7d7f2971eedf2ac1a7e406edcca4c5
0x4b6627a7e739465b1ed764968ba52d9b7e06721e,Early,2026-05-22 17:04:00,1,100,0x90105cda8f26ee59b2a83074d28fff4170749c1977ab88d620177dd9ad7d6049
0x4b6627a7e739465b1ed764968ba52d9b7e06721e,Early,2026-05-22 17:04:38,1,100,0xc0dacc0affb939c6f2a51d9582d9488cf9202d4a8c31ba9c802415d64d675ecb
0x4b6627a7e739465b1ed764968ba52d9b7e06721e,Early,2026-05-22 17:06:11,1,100,0xc34ea2a8093afe4a668765a72231dae7c48d28bd7c54ba0b4ddf5a7cea0d4b9d
0x4b6627a7e739465b1ed764968ba52d9b7e06721e,Early,2026-05-22 17:09:28,1,100,0x221c149f7dab37171823862bc9501b7859f1630ee0fa083671266946a5bf2f4d
0x4b6627a7e739465b1ed764968ba52d9b7e06721e,Early,2026-05-22 17:10:23,1,100,0xefff1f26d523c18ea9ea30ea7648ef44360139414387c72d836e74e0091c6eab
0x4b6627a7e739465b1ed764968ba52d9b7e06721e,Early,2026-05-22 17:11:00,1,100,0x9a9da3382004a71ebd8944e9692ce866ef92336218fc3f0b9d2c1458b3d43643
0x4b6627a7e739465b1ed764968ba52d9b7e06721e,Early,2026-05-22 17:11:29,1,100,0x5852c5fd08a37e8ad42b545ed7ef1c92e5a546e2eb9e678171a98de761801759
0x4b6627a7e739465b1ed764968ba52d9b7e06721e,Early,2026-05-22 17:13:44,1,100,0x54c73abaa00daa06ae4d9ba56a103ee02154bbfb3e91eaf3dce44221e3f8b294
0x4b6627a7e739465b1ed764968ba52d9b7e06721e,Early,2026-05-22 17:14:34,1,100,0xee6085825c01804c23f4102cc3bb5d5a4d5afc9c4990ea8688212bd002728cec
0x4b6627a7e739465b1ed764968ba52d9b7e06721e,Early,2026-05-22 17:15:21,1,100,0xa8794a3edab56379f08b56b4497775e41df2925d27e6578e4f66e4ec94455e8d
0x4b6627a7e739465b1ed764968ba52d9b7e06721e,Early,2026-05-22 17:15:42,1,100,0x6f088c8c51af0bc0477fe922bce6bd10ea231a91d503422f8ade87af67de4935
0x4b6627a7e739465b1ed764968ba52d9b7e06721e,Early,2026-05-22 17:16:03,1,100,0x370bbbe4aa28b4e6f7b61551270977e2028a70b4bba975b45d5295565b468b95
0x4b6627a7e739465b1ed764968ba52d9b7e06721e,Early,2026-05-22 17:16:20,1,100,0x6411242781edd336aae3eb553aa92731b1ff3868d77f07e2c48ed945d4f910ab
0x4b6627a7e739465b1ed764968ba52d9b7e06721e,Early,2026-05-22 17:16:33,1,100,0xd0c97ca4fe37040add490172b9d8f682cb08988c580eec0322c9451b553f5411
0x4b6627a7e739465b1ed764968ba52d9b7e06721e,OMEGA,2026-05-24 18:06:14,1,48,0x14d93b467a173fc944809135ce8ea2a2d2e217206869e690628db92e899601e8
0x4b6627a7e739465b1ed764968ba52d9b7e06721e,OMEGA,2026-05-24 18:07:08,1,48,0xd76867bc107b5d84cd9a79d49a9009804739f72a8446a706aec21dd0242b8a48
0x4b6627a7e739465b1ed764968ba52d9b7e06721e,OMEGA,2026-05-24 18:07:48,1,48,0x00704f27dfa701bc9febc7937a88b922114f830d9dacfdb86dbd7f21851efa4f
0x4b6627a7e739465b1ed764968ba52d9b7e06721e,OMEGA,2026-05-24 21:21:55,1,48,0xc1e29cdc756216ace1cae8a8fd3ae31210e3a9f8be2daffff399259c86c5f8eb
0x4b6627a7e739465b1ed764968ba52d9b7e06721e,OMEGA,2026-05-24 21:39:31,1,48,0x6170dd7ea18b0845c80bc4b35f84ae75a023192e6e13bed261e34c0f9f1d9e7e
0x4b6627a7e739465b1ed764968ba52d9b7e06721e,OMEGA,2026-05-24 21:40:28,1,48,0x978262d547e9c2ead4e5b85de5adbdaa48508a091c071f4de9aba8602339fbc1
0x4b6627a7e739465b1ed764968ba52d9b7e06721e,OMEGA,2026-05-24 22:44:19,1,48,0x38ad07d13e2ebb9caa2741027d6ac3a4ad241d5f1496f54f669070b0ba5b672a
0x4b6627a7e739465b1ed764968ba52d9b7e06721e,OMEGA,2026-05-24 22:44:49,1,48,0x5da581c6b6e093e3333513847d2f76091596a555273014f50a024289c2c0fec6
0x4b6627a7e739465b1ed764968ba52d9b7e06721e,OMEGA,2026-05-24 22:45:16,1,48,0xb824e76e87c06ceac14434da0a985d2f08a50d071ce9a7aa26f8e30d5544564e
0x4f3ea7a9495926304fc56f62f6d1c75aaf83bcc9,OMEGA,2026-05-21 22:08:01,1,48,0x422cc62e8f588af110440659fa6313ee14fd4f31cf70d045b30d025936042c96
0x4f3ea7a9495926304fc56f62f6d1c75aaf83bcc9,OMEGA,2026-05-21 23:52:34,1,48,0xb625afb13457dfef655e3324f9667b26db60672b33141561f103e13168a3a59e
0x4f3ea7a9495926304fc56f62f6d1c75aaf83bcc9,OMEGA,2026-05-22 11:59:07,10,480,0x1e65cd6a6586c54caa1c9628be816727e57a49d9d126d1c48f5c3bb7d0398ddb
0x4f3ea7a9495926304fc56f62f6d1c75aaf83bcc9,Early,2026-05-22 17:00:55,1,100,0xe289665d290f8e3ea6dbfb12b930caccfb1027cab7080a2379fff777483e3e8f
0x4f3ea7a9495926304fc56f62f6d1c75aaf83bcc9,OMEGA,2026-05-24 21:05:48,5,240,0x845b7a6313d3854c1b67140551b95f561409da3396b199184b97dc607b0aa76e
0x4f3ea7a9495926304fc56f62f6d1c75aaf83bcc9,OMEGA,2026-05-24 21:45:53,5,240,0xcff7633e2cec6861bbfeb68209c97c06d9a51821ea13a53bd1579a808eb0a926
0x4f3ea7a9495926304fc56f62f6d1c75aaf83bcc9,OMEGA,2026-05-24 21:59:19,1,48,0xee3e599e9085154876bdc33a9bdb1f4e20d45479b0508e1cbd313cc22cb7c1b5
0x4f3ea7a9495926304fc56f62f6d1c75aaf83bcc9,OMEGA,2026-05-24 22:01:32,1,48,0x84a2fd6bc34dff00cc90d2953a14b8c8197cb3cff924568503c12be11b5db5ed
0x4f3ea7a9495926304fc56f62f6d1c75aaf83bcc9,OMEGA,2026-05-24 22:02:16,1,48,0x61004f12a1527d488f73c5da49b796830c2550531e2a3baae7e58ae37c54a870
0x4f3ea7a9495926304fc56f62f6d1c75aaf83bcc9,OMEGA,2026-05-24 22:03:49,1,48,0x33ccc3a3b3fd1d700504fd8bad607b50306229b66056ccff76b4f6ee82df914f
0x4f3ea7a9495926304fc56f62f6d1c75aaf83bcc9,OMEGA,2026-05-24 22:05:04,5,240,0x8e1b005c7c0386000a099fc5042485c416e3bedd4566e8636a1cfc7c7cf269d0
0x4f3ea7a9495926304fc56f62f6d1c75aaf83bcc9,OMEGA,2026-05-24 22:06:23,5,240,0x75bf920168596b27f9937917afe550ecd90273b5ead356b356fd9e9c5aa2fc01
0x4f3ea7a9495926304fc56f62f6d1c75aaf83bcc9,OMEGA,2026-05-24 22:07:28,5,240,0xb032baf1cbf4c5e0f51f8fd28a4c92370634650d23500fc8cb2fb2ff24aff9d9
0x4f3ea7a9495926304fc56f62f6d1c75aaf83bcc9,OMEGA,2026-05-26 02:11:30,10,480,0x60165d1ab205f247ea38ec493879f06395782732051e8b8e6a549c78f0d3fc0f
0x4f3ea7a9495926304fc56f62f6d1c75aaf83bcc9,OMEGA,2026-05-26 14:50:00,1,48,0x6baf4c154f423310d9c6bf19c35409bb8aee71aef2d3b95553dbbb848c66eb77
0x4f3ea7a9495926304fc56f62f6d1c75aaf83bcc9,OMEGA,2026-05-26 21:40:24,10,480,0xc68f7ee5d3d0292cbbd15d0136721113637f1d16498c6d94122b83fec15480ea
0x4f3ea7a9495926304fc56f62f6d1c75aaf83bcc9,OMEGA,2026-05-26 22:04:59,5,240,0x129d6c44fa6104c8bf8784972335e17c53d70758dd193c0bb3392c63b0af4cbc
0x4f3ea7a9495926304fc56f62f6d1c75aaf83bcc9,OMEGA,2026-05-26 22:05:22,5,240,0x348e8be03ed999bc7841796c3ba32e078e7925588fe02b485a096eeca2c56f5a
0x4f3ea7a9495926304fc56f62f6d1c75aaf83bcc9,OMEGA,2026-05-27 00:15:08,5,240,0x50ac28d4483134b93ceaee1e29952215d8b3fa40b990d2927f2f58c86c358dd2
0x4f3ea7a9495926304fc56f62f6d1c75aaf83bcc9,OMEGA,2026-05-27 00:15:39,5,240,0xd14158e47fb5c8a17b5e6918d3827f0f2641eb5661715a532be2be39a8655d0d
0x4f3ea7a9495926304fc56f62f6d1c75aaf83bcc9,OMEGA,2026-05-27 12:29:44,1,48,0xd44026d62532511fbbd7bde4afb7202dfac9e5349dd571e33fa6dba654bbd861
0x4f3ea7a9495926304fc56f62f6d1c75aaf83bcc9,OMEGA,2026-05-27 12:30:05,1,48,0xc4f16a847915dcdeeaf1462500750c76b62e0c92217ac8559e5d89a3dd605f50
0x4f3ea7a9495926304fc56f62f6d1c75aaf83bcc9,OMEGA,2026-05-27 17:13:28,1,48,0x0b1a512f9099480519ae3ec9d22c14faaf0cc8ad77d0e3cac7b687cd0e834c0a
0x4f3ea7a9495926304fc56f62f6d1c75aaf83bcc9,OMEGA,2026-05-27 22:25:19,1,48,0xf25dbb090d1b94af673a2d9764e1ebe574d45471b121d2955c36570baf8f909c
0x4f3ea7a9495926304fc56f62f6d1c75aaf83bcc9,OMEGA,2026-05-27 22:25:47,1,48,0x7a91021dce0b103d9fb127a11eb22c6fb5654fed8aac3aa8f696707b149cf2ba
0x4f3ea7a9495926304fc56f62f6d1c75aaf83bcc9,Eden,2026-05-29 17:01:20,1,150,0x0c3310934cefa3f15a219c9092621e1fe4ec4ee30415c0498d91e741b6cc62f6
0x4f3ea7a9495926304fc56f62f6d1c75aaf83bcc9,Eden,2026-05-30 01:08:13,1,150,0xf6dc11f39333fad8d539016ae85cdb80dbfab5080eaba846540c5a7a8ecc8f47
0x4f3ea7a9495926304fc56f62f6d1c75aaf83bcc9,Eden,2026-05-30 01:13:14,1,150,0x1f3e50ded3924bfd2ba08e581447abed15311ff7936e0df0a51320584de02496
0x4f3ea7a9495926304fc56f62f6d1c75aaf83bcc9,Eden,2026-05-30 01:13:52,1,150,0x867a62cb9d37803e57285b144857c4a2b16696ffde365275cce5108e7a828566
0x4f3ea7a9495926304fc56f62f6d1c75aaf83bcc9,Eden,2026-05-30 01:26:40,1,150,0x19d673ecc266d86650cc864235a23364a70863e0050a05f313f3534427730e30
0x4f3ea7a9495926304fc56f62f6d1c75aaf83bcc9,Early,2026-06-05 17:10:03,1,100,0x866c45c7c8d31b27dca7895382eb41a88e62d36e5c1f8f1e5e7aa3b57931280a
0x4f3ea7a9495926304fc56f62f6d1c75aaf83bcc9,Early,2026-06-12 17:00:31,1,100,0xbbee7e73399404de0f585b08c26bdac103ba8bb723742ac5dbb43a33f8a87b79
0x4f3ea7a9495926304fc56f62f6d1c75aaf83bcc9,Early,2026-06-19 17:20:08,1,100,0xf282e7799291774ad7bc5929e2334aa977184c17a15b7be82d7f26a6fb61da60
0x4f3ea7a9495926304fc56f62f6d1c75aaf83bcc9,Early,2026-06-26 17:13:04,1,100,0xda37430ada8a560219ff80094cf1e9efebf56790bad54997ac0d4e4bcca4c578
0x54e4c3615f28a426d01038625ed82a7211aa1ad3,OMEGA,2026-06-07 07:06:32,1,48,0xa03ecb114e13a465381259cddff3c97e0e0a5fa21d5b582de80456b399918b65
0x54e4c3615f28a426d01038625ed82a7211aa1ad3,Early,2026-06-26 17:23:58,1,100,0x455299c37b1ed82b3c597357144c51107bc7c9664caad709eddd3c0461446dce
0x5cbad4b0586f5c41d70bdf77cbad8ccb96ea0a80,RenaCrypt,2026-06-17 13:28:47,1,88,0xcdab2798695a4f73599e31cf38699d0debfad3f631874ac298a4df0f9fc59afb
0x5cbad4b0586f5c41d70bdf77cbad8ccb96ea0a80,Eden,2026-06-17 15:29:07,1,150,0xae7b90cf4efb9d45cca724617c36f477a9f50faf2f245f534af87445cfaaad46
0x5cbad4b0586f5c41d70bdf77cbad8ccb96ea0a80,Early,2026-06-19 17:00:14,1,100,0x78190431e2b47dbec6be16dd77651bd1d3e9afe2035887c78be25b4c3d19b484
0x5cbad4b0586f5c41d70bdf77cbad8ccb96ea0a80,Early,2026-06-26 17:00:11,1,100,0x8a039424e5b2a5c5ab0740d7a93da40d018f26461b69acc5becd2e932dd1d5d0
0x72e6360ccb38d2fc767a8ac75e6cdfd579fedd4b,Early,2026-06-05 17:00:46,1,100,0xf0509e6fa8cc59d51004497d1329ac9a67e2255b6610d7645e24b4b431d8474f
0x72e6360ccb38d2fc767a8ac75e6cdfd579fedd4b,Early,2026-06-05 17:01:21,1,100,0x8feb99f1cb7b9714579840d28f52797b4e082feb02af0238dd2b7d80064165ad
0x72e6360ccb38d2fc767a8ac75e6cdfd579fedd4b,Early,2026-06-05 17:03:50,1,100,0x2e2f6ec1ca57673df43675c17e176802192e3865123199fc4a9f43d973db0a7e
0x72e6360ccb38d2fc767a8ac75e6cdfd579fedd4b,Early,2026-06-05 17:04:20,1,100,0xe13ca6398f37a6bd206e1a878b2538cc57c1871dacff9d74abda957d31891d31
0x72e6360ccb38d2fc767a8ac75e6cdfd579fedd4b,OMEGA,2026-06-05 17:05:08,1,48,0x360e2c714b099449c01f9216bbc3573678199534d12d992c1609a52fe83dcef7
0x72e6360ccb38d2fc767a8ac75e6cdfd579fedd4b,RenaCrypt,2026-06-05 17:05:15,1,88,0x22d3c02598a9870d4aa58413284c17476398fdedcb372d244aa24064ab4a4d06
0x72e6360ccb38d2fc767a8ac75e6cdfd579fedd4b,Early,2026-06-19 18:30:31,1,100,0x1a66e8b47f1c27f1bcdedcf72a2b1ba29853761cfe14f7fbea259e67373711ce
0x72e6360ccb38d2fc767a8ac75e6cdfd579fedd4b,Early,2026-06-19 18:31:17,1,100,0x47c1e902f3a3a79e934ed41b6c724edd4fb56c3b85e8dc5c6dc52c72e25f62af
0x72e6360ccb38d2fc767a8ac75e6cdfd579fedd4b,Early,2026-06-19 18:31:54,1,100,0xb1be7050d585e60c67c64be0cc46899b6974f217b4bde6e4252c3d9c53b08335
0x7711b46d8f95e22dadfdb20193ab483e7c6821e1,Early,2026-06-05 17:05:24,1,100,0x2eb569669a8ad46362ea17ba038d0f00fa9eb9b104bdd5d029b6607016a8f8bf
0x8b73de54bd56f1f44cad239cf6ae34001b0bfdab,OMEGA,2026-05-28 15:31:17,1,48,0xeb6357a658c73071cda08e6b10fa14e550789b6d04950fa27fd619737a753ae1
0x8b73de54bd56f1f44cad239cf6ae34001b0bfdab,OMEGA,2026-05-28 15:32:12,1,48,0x3f5cb6cc128293beaeb0b0884c626cd85a86e82d4b1dfc77421f7297aac2af90
0x8b73de54bd56f1f44cad239cf6ae34001b0bfdab,OMEGA,2026-05-28 15:33:10,1,48,0x086ed21fc7a1d4b51c763039a40e17fb68ca03b644de5e930fd5ba6cf7f52bf6
0x8b73de54bd56f1f44cad239cf6ae34001b0bfdab,OMEGA,2026-05-28 15:33:55,1,48,0xf80bcc339d623b7a3e40952921ba556e0fd457b95102ac7d6f51e2298c23b0bb
0x8b73de54bd56f1f44cad239cf6ae34001b0bfdab,Eden,2026-05-29 17:24:02,1,150,0x3023dcfa777eca9bac42ac61280ca16c08206fe9407afb8beff40a4db0357fdf
0x8b73de54bd56f1f44cad239cf6ae34001b0bfdab,Eden,2026-05-29 17:25:02,1,150,0xb66bf0d7e82cf8a84763b88c83f0bbd5c9c29902e5b869b0db2752edfc5767d6
0x8b73de54bd56f1f44cad239cf6ae34001b0bfdab,RenaCrypt,2026-06-05 07:18:26,1,88,0x09c863f7b7fe0ea1e7ca267aad96802f9ae6e24ba12a587277627f09d15bdb15
0x8b73de54bd56f1f44cad239cf6ae34001b0bfdab,Early,2026-06-05 17:00:16,1,100,0xae3f6547731b78cb8c8667a7bf8a34072ee9eabc4244274d1aeb59d61cb7cdf1
0x8b73de54bd56f1f44cad239cf6ae34001b0bfdab,Early,2026-06-12 17:00:10,1,100,0x80fd3fb9b7d7b7f77c94bb92e2ca4aab2e5546d79737319d9729091a1ffd02c4
0x8b73de54bd56f1f44cad239cf6ae34001b0bfdab,Early,2026-06-26 17:00:36,1,100,0xd40cfac12e1c041eb3f6c1d5df4a13130c6c8de0a7fae9b3f27e02f50fd0c334
0x9ed7549d4cef4cd203af6008c2358c6cc0e7ea98,Eden,2026-05-29 17:00:19,1,150,0x7506e3dc0031430750e05ab18bdcd31bb7844f010b33732320643a8aa08eb3a5
0x9ed7549d4cef4cd203af6008c2358c6cc0e7ea98,OMEGA,2026-05-29 17:02:21,1,48,0x28d9fe0cd8bff15471098ad65d363e7f72a1dcae100b6421330959c4d3d49498
0xbb249bf5d94710ea13703e7bb9a3185330e78ae8,Eden,2026-05-29 17:29:13,1,150,0xc60207a0503917d6569ea2a08a34ab3ca2ddcef4fd49d82f38479d21d056b509
0xbb249bf5d94710ea13703e7bb9a3185330e78ae8,OMEGA,2026-05-29 17:31:17,1,48,0x9c62375c8df660003d05a056c68dceb5e2072fdc77e19b04ed75cd19832d6ceb
0xbb249bf5d94710ea13703e7bb9a3185330e78ae8,Eden,2026-05-29 17:33:10,1,150,0x85e5ebff07a5d0a7d58a6bbf18d28020a4f3a5b345d98afe8dc8e2105a763488
0xbb249bf5d94710ea13703e7bb9a3185330e78ae8,Eden,2026-05-29 17:35:54,1,150,0x551a9a34f5299166411cc3f14925079a15884f80001a104928257025a228af3c
0xbb249bf5d94710ea13703e7bb9a3185330e78ae8,OMEGA,2026-05-29 17:36:59,1,48,0xdb2abb4babb8bba960f34bc26f82aa53f22334a489f4eac69b6d1daa5b1363d5
0xbb249bf5d94710ea13703e7bb9a3185330e78ae8,OMEGA,2026-05-29 17:37:59,1,48,0xe22b215c8de2aba8242bb0614db155ddb8539cf9134dd714d385d096e28a0102
0xbb249bf5d94710ea13703e7bb9a3185330e78ae8,OMEGA,2026-05-29 17:38:33,1,48,0xa49984c228b219b968d53f1073568656d7734217757cf89cef67c77dfc4ab162
0xbb249bf5d94710ea13703e7bb9a3185330e78ae8,OMEGA,2026-05-29 17:39:27,1,48,0xa98ba1d0a3e967d9d6c1588ed774426d5267eeddbcc69efbf8ff7db2962e80d9
0xbb249bf5d94710ea13703e7bb9a3185330e78ae8,OMEGA,2026-05-29 17:40:09,1,48,0xa39bb43c9913c03ee173903637c98beaeb68ce4f56e28ffd55c1c7b57bb85cda
0xbb249bf5d94710ea13703e7bb9a3185330e78ae8,OMEGA,2026-05-29 17:40:51,1,48,0x07109c335b8756b403aa8745d8cb4b8ed6247086ab811d58cf65628027065cc9
0xbb249bf5d94710ea13703e7bb9a3185330e78ae8,OMEGA,2026-05-29 17:41:26,1,48,0x67dcd9411428dbd96b23272770101c627e0cbb3ba58bf9115ce3d9018ed6bc3a
0xbb249bf5d94710ea13703e7bb9a3185330e78ae8,OMEGA,2026-05-29 17:41:57,1,48,0xc0d847297a3d58c52b431c5b3cb937f8108033be7ab541bed3cde70f76170ba7
0xbe3eda60be7c76a41f661e965181fd1c7ae1a231,Early,2026-05-22 17:02:37,1,100,0x3684ab89e469b1f10025c22019dc3ddd60fe590e6a17d880278d4df229ff8496
0xbe3eda60be7c76a41f661e965181fd1c7ae1a231,Early,2026-05-22 17:03:19,1,100,0xe11c74762b1d830ec6b97a67565f7a90ea4de362fd20543ba2914bbc90729648
0xbe3eda60be7c76a41f661e965181fd1c7ae1a231,Early,2026-05-22 17:03:56,1,100,0xcd77c087b4d9452fefdd2a8beda121e3ebba3c89d91f380981999dcc8d20e0e2
0xbe3eda60be7c76a41f661e965181fd1c7ae1a231,Early,2026-05-22 17:04:35,1,100,0xe94e3abdd4de93199cf834c1e85fb2919a713e71d7fd5eea4c3018d13f246c04
0xbe3eda60be7c76a41f661e965181fd1c7ae1a231,Early,2026-05-22 17:05:47,1,100,0xe14f2b26c0745894e90d19463b9ddac664e99a253d58d5818d0f49058813c582
0xbe3eda60be7c76a41f661e965181fd1c7ae1a231,Early,2026-05-22 17:09:28,1,100,0x8ff5a0efcadb8cb803562133fa28432d2395acbf6e0aa09bb1a23904694078a1
0xbe3eda60be7c76a41f661e965181fd1c7ae1a231,Early,2026-05-22 17:10:46,1,100,0xc8dec8256fed947c9f6fed45f81837215847aad6907d51926fc4a9c6ed1d298d
0xbe3eda60be7c76a41f661e965181fd1c7ae1a231,Early,2026-05-22 17:13:39,1,100,0x085b9779d06c655dc11190c6b3f6cfef5ee2db3f97854f8116f92f086b554754
0xbe3eda60be7c76a41f661e965181fd1c7ae1a231,OMEGA,2026-05-24 18:06:17,1,48,0x1ed6462a21cb3088c2591da7dd887dcb064f045880a5844454a4d2bdeb71e320
0xbe3eda60be7c76a41f661e965181fd1c7ae1a231,OMEGA,2026-05-24 18:07:02,1,48,0x38a08040178be07e3a00b864bdb6f7e3034aa71c928612bdeab9e4569da6acd0
0xc812b0eff09898c68ce3cdc54f0d68a8bb7dc372,RenaCrypt,2026-06-18 21:18:21,1,88,0x5f6590281c530908bd5920b4d1cd27be4ef3b9e6f19aead4ec14077b180d20ed
0xc812b0eff09898c68ce3cdc54f0d68a8bb7dc372,Early,2026-06-19 17:00:17,1,100,0x3a94de89b41e4e329920230328941b512a27d7257d48e00bde7ca1bbf4d8c7a2
0xc812b0eff09898c68ce3cdc54f0d68a8bb7dc372,Early,2026-06-26 17:00:10,1,100,0x5fb50fee104d8a56ce547b7a96bb43ac628e94ce811990c2730159d7d35a4f75
0xd0b0897a6db4a5dfcebda3eb5717c3b7df98d763,Early,2026-06-05 17:00:38,1,100,0xac66b7b58a17873f11da9ec291a1326be4b11a888129760d0aca4c1a55346f46
0xd175e596c07fb6d23c8503dad6acdb73e25bd0b7,OMEGA,2026-05-21 22:56:16,1,48,0xfe4331ca57676670f2026e3d7d7f5302fa7141f782ea7bab243daecf33f45033
0xd175e596c07fb6d23c8503dad6acdb73e25bd0b7,Early,2026-05-22 17:03:23,1,100,0x3b735ffa6dbb441e9939b1225f57efbae2f63539e91590f6022f856658703d90
0xd175e596c07fb6d23c8503dad6acdb73e25bd0b7,Early,2026-05-22 17:05:30,1,100,0xab09e23cf66923a26f8e1bbcb2224290ab50d98c09f6d5d6707696eadaa3e135
0xd175e596c07fb6d23c8503dad6acdb73e25bd0b7,Early,2026-05-22 17:07:18,1,100,0x0d67742e4aab70745307de04fa0a6dba64ea6fbb3733dd65953676beeb91c472
0xd175e596c07fb6d23c8503dad6acdb73e25bd0b7,Early,2026-05-22 17:08:28,1,100,0x22ad711e2864c4db69c3aec8636e91e46e0211c3efc14b0331d91c662129725d
0xd175e596c07fb6d23c8503dad6acdb73e25bd0b7,Early,2026-05-22 17:10:19,1,100,0xb62764b51e4317be9d9c00e7e91339fa7255d486054c1c06bc443a486e29d24b
0xd175e596c07fb6d23c8503dad6acdb73e25bd0b7,OMEGA,2026-05-23 20:52:26,1,48,0x5b3463dbde73bddaf8f4f6ea4d4557bc659a9a3b356b35a4294b14bdc928779b
0xd175e596c07fb6d23c8503dad6acdb73e25bd0b7,OMEGA,2026-05-23 20:54:10,1,48,0x69637168a3f99675b1b7f4c7456dd39b719ec909a1be23172edeae365be755f4
0xd175e596c07fb6d23c8503dad6acdb73e25bd0b7,OMEGA,2026-05-23 20:54:51,1,48,0x464e066029595255647274ceb3e2e9d956793b828a86b687bdc8656763503dfe
0xd175e596c07fb6d23c8503dad6acdb73e25bd0b7,OMEGA,2026-05-23 20:55:10,1,48,0x7a661ae22de1581d6c7c6f6696b8cd5c47ee8f0ec8e2cd61cb869494e1570dfa
0xd175e596c07fb6d23c8503dad6acdb73e25bd0b7,OMEGA,2026-05-23 20:57:47,1,48,0x2cf3876eab01dc7422eccd05b3d8f05fed80dd014701a4129e5c0b2e5ed26c93
0xd175e596c07fb6d23c8503dad6acdb73e25bd0b7,OMEGA,2026-05-23 20:58:17,1,48,0xf50f9440e32ff5485b2a81f698def36d2692a5729adc5f6255ea40b33042cc36
0xd175e596c07fb6d23c8503dad6acdb73e25bd0b7,OMEGA,2026-05-23 20:58:57,1,48,0x6ec8d7420a4e21cc0cebf939070f8f38db79b55ee29c277b7190383beae9da49
0xd175e596c07fb6d23c8503dad6acdb73e25bd0b7,OMEGA,2026-05-27 21:35:13,1,48,0x74a29d94b7813f3c248e444f3f078621adafbb7684c07693b41d2639c4c3cbde
0xd175e596c07fb6d23c8503dad6acdb73e25bd0b7,OMEGA,2026-05-27 21:35:34,1,48,0x464e7d088b0e8f7050d2443495c998b1c1399e81efe05be19ea53fc0f29de2a5
0xd175e596c07fb6d23c8503dad6acdb73e25bd0b7,OMEGA,2026-05-27 21:35:55,1,48,0xc4f228217006c0014f9ad486e0ec55547c391ccd7a3a99337160514f80d5d2f8
0xd175e596c07fb6d23c8503dad6acdb73e25bd0b7,Eden,2026-05-29 17:00:34,1,150,0x4bde28a3abf275e3e165ecd96f433acfe33c1c0076f43b5dd20a2e0c585b9db2
0xd175e596c07fb6d23c8503dad6acdb73e25bd0b7,Eden,2026-05-29 17:02:34,1,150,0x9672ac13e45a452000332123ced14d7c29a33d31516f1434f695d78db793a7ed
0xd175e596c07fb6d23c8503dad6acdb73e25bd0b7,Eden,2026-05-29 17:03:29,1,150,0x5d2f4b53d31b52f6800788384ccaf64e242ef3f31b8a2d3ecf60c65e2305afaa
0xd175e596c07fb6d23c8503dad6acdb73e25bd0b7,OMEGA,2026-05-29 17:04:47,1,48,0xcc1cfab4d2244a2226e554f641b0581d3183c5d9e2aaa4418271db408fcdb07c
0xd175e596c07fb6d23c8503dad6acdb73e25bd0b7,OMEGA,2026-05-29 17:05:19,1,48,0x02bbcc40adbe947e6cc1d40b5dd61306fdcd97e3fd6f64958617aeb2f5529228
0xd175e596c07fb6d23c8503dad6acdb73e25bd0b7,OMEGA,2026-05-29 17:45:27,1,48,0x580bdb951fbdc5ac3e1e3bec78788e675b8480c9e09fe259ea2a88c3986e814a
0xd175e596c07fb6d23c8503dad6acdb73e25bd0b7,OMEGA,2026-05-29 17:46:27,1,48,0x7201953b264a97aa6e4d5228712f3ac474639720517edb327d8450cc5c4d8e5f
0xd175e596c07fb6d23c8503dad6acdb73e25bd0b7,OMEGA,2026-06-01 17:34:00,1,48,0x553a1fa46bd1ecb0fe7c9b397094ce9bdfb36cdd2f58e7e177eefba87c8dbbef
0xd175e596c07fb6d23c8503dad6acdb73e25bd0b7,OMEGA,2026-06-01 17:34:30,1,48,0x660133711444d0afc9b1839d5741ff815062da11cf5e3e42afbb557f319ecd97
0xd175e596c07fb6d23c8503dad6acdb73e25bd0b7,OMEGA,2026-06-01 17:35:39,1,48,0x7fcfa562f95fa4943c4a8dec3e0c1656e314fc78787de671a208f47cc3698492
0xd175e596c07fb6d23c8503dad6acdb73e25bd0b7,OMEGA,2026-06-01 17:35:59,1,48,0xb3642366611dd57469a78b80d3a587bbc1a92221a773f31d7a5b470069ebee26
0xd175e596c07fb6d23c8503dad6acdb73e25bd0b7,OMEGA,2026-06-01 17:36:20,1,48,0x4d9d06c6e798c20ff723c9066d438eb95fd29f58a1dc0616137100ed25801bdf
0xd175e596c07fb6d23c8503dad6acdb73e25bd0b7,OMEGA,2026-06-01 17:37:31,1,48,0x149cdc1cc47371f4725e0b78fe9b7ed75b1fb6d63f2a0650f26c49c46c902963
0xd175e596c07fb6d23c8503dad6acdb73e25bd0b7,Early,2026-06-05 17:00:24,1,100,0x628c457854418e12e6021668c97bbe5cde0e7d2ba2c8a950ecff325916a850eb
0xd175e596c07fb6d23c8503dad6acdb73e25bd0b7,Early,2026-06-05 17:02:05,1,100,0x784fb6d59a6e14db15086618de8acd04e9b79fd677dfcd5a33682bedbe3d90dc
0xd175e596c07fb6d23c8503dad6acdb73e25bd0b7,Early,2026-06-05 17:03:02,1,100,0xa807ea6307ba5c36f88ca8481a15736aa7a5260ec9725d8efea6a95a5d77f754
0xd175e596c07fb6d23c8503dad6acdb73e25bd0b7,Early,2026-06-12 17:05:22,1,100,0x98190ed978ba2a6bb06b2274064e28e4d93e2af94d57fce2829716e49f03da84
0xd175e596c07fb6d23c8503dad6acdb73e25bd0b7,Early,2026-06-12 17:06:26,1,100,0xaec20524941ab1f352efd38cf66e66930faceee1178b2c9f08f0f9652fc7e1dd
0xd175e596c07fb6d23c8503dad6acdb73e25bd0b7,Early,2026-06-12 17:12:40,1,100,0x07428d108e7ba51cec2035d62c0befd720895ee239e5837c1f7e940733dc6582
0xd175e596c07fb6d23c8503dad6acdb73e25bd0b7,Early,2026-06-12 17:13:08,1,100,0xaf8c0661fff610e500b0768738b3a43d0c9249b7e021f7f1507a0b61f03ace43
0xd175e596c07fb6d23c8503dad6acdb73e25bd0b7,Early,2026-06-19 17:32:12,1,100,0x4d0dc2a7a07c199fc56660debefa827530704186a00abc4597fbd00cff5893fa
0xd175e596c07fb6d23c8503dad6acdb73e25bd0b7,Early,2026-06-19 17:32:51,1,100,0x9afa3379d8e08c22b656e92bccd6849e63a52211f1bcc5c816cd5c3b635bf7d5
0xd175e596c07fb6d23c8503dad6acdb73e25bd0b7,Early,2026-06-19 18:24:35,1,100,0x80e7b640f5c95dd854735335f33a32aeb5358bfe07f3cec10069c8935bc00fa7
0xd175e596c07fb6d23c8503dad6acdb73e25bd0b7,Early,2026-06-19 18:25:16,1,100,0xc1a60d8977f5658a7adf11005271fad443c649e13f5602708c390eb52d3f756e
0xd175e596c07fb6d23c8503dad6acdb73e25bd0b7,Early,2026-06-26 17:00:10,1,100,0x462a4d91a1d0849f08dbf7449d488f682a592196dacacd163e4c83660762847a
0xd175e596c07fb6d23c8503dad6acdb73e25bd0b7,Early,2026-06-26 17:00:49,1,100,0x682eab89c86fff45878d24ae4bde59a4eecfff31a309d8358cd973c3c5be688a
0xd175e596c07fb6d23c8503dad6acdb73e25bd0b7,Early,2026-06-26 17:01:39,1,100,0x70f7f4f9a3b998a5da079496059a193ccd41001853eaefe07211ffa6c924b101
0xdde3fe13a7a69fa2ea640d3f88d939cf9991e44f,Early,2026-05-22 17:01:19,1,100,0x2429919fc65e19890981950df6a6f99939411452fa32cdc5a6c3257e26a319d2
0xdde3fe13a7a69fa2ea640d3f88d939cf9991e44f,OMEGA,2026-05-27 21:56:04,1,48,0x3d984cc1525f12e8768ad8fa2d08306e6a9512bbc1a2e7ab6c9c5425e4dd2b55
0xdde3fe13a7a69fa2ea640d3f88d939cf9991e44f,OMEGA,2026-05-27 21:56:42,5,240,0x20c983b3b91c705660e931c7a7a5988f3ce9935c3dd2abace6ad950f353f59ca
0xdde3fe13a7a69fa2ea640d3f88d939cf9991e44f,OMEGA,2026-05-27 22:01:02,5,240,0x60115f94a3c0cbb2b3f8f05e5853bfff7c9a2b22f008a55e7005577c4d8556e5
0xdde3fe13a7a69fa2ea640d3f88d939cf9991e44f,OMEGA,2026-05-27 22:01:49,5,240,0x7c915dec2edc7e888d11d85d194b9166a630c0c420ca9b9c3f08262d8652e3c0
0xdde3fe13a7a69fa2ea640d3f88d939cf9991e44f,OMEGA,2026-05-27 22:02:14,5,240,0x5859a783493a213f2db31178faae4244e7f5aa159529c68d24a087f920dd0feb
0xdde3fe13a7a69fa2ea640d3f88d939cf9991e44f,OMEGA,2026-05-27 22:02:35,5,240,0xad604adfb7888a1d44aa41c80d135bfe10f67b42f7c1aa50d7ad79ca52241ba6
0xdde3fe13a7a69fa2ea640d3f88d939cf9991e44f,OMEGA,2026-05-27 22:02:59,5,240,0x5c89d81bb6bfac55a60ca102f93ba82c38ae81ad43859aa15f05d29c1311fd80
0xdde3fe13a7a69fa2ea640d3f88d939cf9991e44f,OMEGA,2026-05-27 22:03:23,5,240,0xee235277e31b91e38e0303163b3e8bb1beb0f674957040920a0c11033bd33ec6
0xdde3fe13a7a69fa2ea640d3f88d939cf9991e44f,OMEGA,2026-05-27 22:03:49,5,240,0x6f8a3c2a037145e502c155a56b69595dbd20e5f03abf324ad2b0272fa7a01146
0xdde3fe13a7a69fa2ea640d3f88d939cf9991e44f,OMEGA,2026-05-27 22:38:16,5,240,0xb95373b946f749cdbddc574a383426673a93ca406e1734fc698d485667c823b7
0xdde3fe13a7a69fa2ea640d3f88d939cf9991e44f,OMEGA,2026-05-27 22:39:16,5,240,0x4dcfd25a6d4cd3169f02e2b4d3edb169617fa9872693a1c094c28278d57db55c
0xdde3fe13a7a69fa2ea640d3f88d939cf9991e44f,OMEGA,2026-05-29 03:05:30,1,48,0x483add7488ce4e8eb4cd11729ea8571c561eba945bd9b506ae45661cf5707e5c
0xdde3fe13a7a69fa2ea640d3f88d939cf9991e44f,OMEGA,2026-05-29 03:06:17,1,48,0xc6119e0ed72ff17071f42c37a0d29aec1db5fc6e309610b29f6ffea3b8601b84
0xdde3fe13a7a69fa2ea640d3f88d939cf9991e44f,OMEGA,2026-05-29 03:06:53,1,48,0x0cb91c42264038a8981646f50121f8eaa1f22f3592bf32f44e16c00e812cf620
0xdde3fe13a7a69fa2ea640d3f88d939cf9991e44f,OMEGA,2026-05-29 03:07:18,1,48,0xe40ff5e6f7111b21bb501f6d7da26683e0d65f866c075a47faef820ca790707a
0xdde3fe13a7a69fa2ea640d3f88d939cf9991e44f,OMEGA,2026-05-29 03:07:42,1,48,0x8f1bcd357508eed77c87936069174a3e8daaf99d96f4e2cb92e6542567db07bc
0xdde3fe13a7a69fa2ea640d3f88d939cf9991e44f,OMEGA,2026-05-29 03:08:08,1,48,0x40873181880745358f5cfcff7142543609cc6732e2c16e4505ef0302e01b385f
0xdde3fe13a7a69fa2ea640d3f88d939cf9991e44f,OMEGA,2026-05-29 03:08:33,1,48,0x10f159f3288a23715c9d1d4261f51faadd64900a85cef5c558c062c362be7bc9
0xdde3fe13a7a69fa2ea640d3f88d939cf9991e44f,OMEGA,2026-05-29 03:09:08,1,48,0x2e92e2649030a6169cb37aa572c8d2063a9b498e23789e706f98c4ee383d86c9
0xdde3fe13a7a69fa2ea640d3f88d939cf9991e44f,OMEGA,2026-05-29 03:09:40,1,48,0x9af080a04ab66e31ab2daf44a9591ae9240255e897d8356f9f389f669929b1d3
0xdde3fe13a7a69fa2ea640d3f88d939cf9991e44f,OMEGA,2026-05-29 03:10:09,1,48,0xf5cc4d9e59f8521d06c78304c053119b4eb96948691812263e3b875d45fa82cd
0xdde3fe13a7a69fa2ea640d3f88d939cf9991e44f,OMEGA,2026-05-29 03:10:30,1,48,0xba92e4c2c74f0a0fd53f41f9d311436d2db14428fbbe76510bfdc387a16ae301
0xdde3fe13a7a69fa2ea640d3f88d939cf9991e44f,OMEGA,2026-05-29 03:10:54,1,48,0xb4a3d5240bb877dd936fd741d5cd20cc8dacb09bda446b898c487f56aab11c37
0xdde3fe13a7a69fa2ea640d3f88d939cf9991e44f,OMEGA,2026-05-29 03:11:22,5,240,0x1497607d73b775a7aee30a713a21a70bc0ed0b32bad762f7ebebca5a1ebe2569
0xdde3fe13a7a69fa2ea640d3f88d939cf9991e44f,OMEGA,2026-05-29 03:11:52,1,48,0x8825a34307e84a73d4fc7563520748fbfc31ae4f821087a7e9c8440ecf9dc702
0xdde3fe13a7a69fa2ea640d3f88d939cf9991e44f,OMEGA,2026-05-29 03:12:28,5,240,0xc5b0f7eed2ae92841a3060834827b36d4a927b71706dd3f3f5ae96b88ce7de65
0xdde3fe13a7a69fa2ea640d3f88d939cf9991e44f,OMEGA,2026-05-29 03:54:55,1,48,0xb429c7f5029f82aa4b5a9c2abfd220f9341576e2ea9a1bbd6b9d16c5553fda40
0xdde3fe13a7a69fa2ea640d3f88d939cf9991e44f,OMEGA,2026-05-29 03:56:14,1,48,0x907b82ccbaf641b6cf2fa901bbc7c0cbca749313651057cfbc673cfb05f8ae4c
0xdde3fe13a7a69fa2ea640d3f88d939cf9991e44f,OMEGA,2026-05-29 03:57:48,1,48,0xd1695a2bb81cced90dc0e0f1cb9e79b05806e06262025d750f921f677846644a
0xdde3fe13a7a69fa2ea640d3f88d939cf9991e44f,OMEGA,2026-05-29 03:59:25,1,48,0x127b8083e1b673a76e92107a69b4ab1125905bd85d72b2b2bf970d8ecce02638
0xdde3fe13a7a69fa2ea640d3f88d939cf9991e44f,OMEGA,2026-05-29 04:00:11,1,48,0xe659cbd8c195c2d4907004b73a59c8f239380df08d3ca97a8e5c7ba4b4cbecda
0xdde3fe13a7a69fa2ea640d3f88d939cf9991e44f,OMEGA,2026-05-29 04:01:00,1,48,0x026bc30e681ecbca59837e7855777dd5b23180bdeccbf38a63bcf1df666c0437
0xdde3fe13a7a69fa2ea640d3f88d939cf9991e44f,OMEGA,2026-05-29 15:09:10,1,48,0x4d77f74cbd8633c61640d11558c84109f79a5caf40f7044ff62f8c1e662b6753
0xdde3fe13a7a69fa2ea640d3f88d939cf9991e44f,OMEGA,2026-05-29 15:43:27,1,48,0xe58ab4c6ae4942fa57358651f86b03ba9105035f9604f073d111dac63fcfab03
0xdde3fe13a7a69fa2ea640d3f88d939cf9991e44f,OMEGA,2026-05-29 15:45:30,1,48,0xbb31d0f8043d1ef22f652ccd3560c74faa5f3556693e34bbe5a3dae7e62cdb5b
0xdde3fe13a7a69fa2ea640d3f88d939cf9991e44f,OMEGA,2026-05-29 16:03:26,1,48,0x31b5a3bffd1a8991a10cd363a6fe7b2534a8174085bd467bb7ca04d70f98cd6e
0xdde3fe13a7a69fa2ea640d3f88d939cf9991e44f,OMEGA,2026-05-29 16:04:56,1,48,0xd47fb146bcb560a9b5b55fbce493466d853253765a7d6b40fe2bd926451afe2e
0xdde3fe13a7a69fa2ea640d3f88d939cf9991e44f,OMEGA,2026-05-29 16:06:31,1,48,0xf1ca578458b633b7df4dadc8683d921af7dba93c56c17c1529c3e7b7a307f04a
0xdde3fe13a7a69fa2ea640d3f88d939cf9991e44f,OMEGA,2026-05-29 16:07:26,1,48,0xadbd93fc48ee8b6314302740943b4c72469d1b65ef1c5a47653be1cc9ee06130
0xdde3fe13a7a69fa2ea640d3f88d939cf9991e44f,OMEGA,2026-05-29 16:09:54,1,48,0x14cd214612d1c7fb1de7ee2c2ffbc20d4076bcd7f4396cc2d93b9d9fe235cca5
0xdde3fe13a7a69fa2ea640d3f88d939cf9991e44f,Eden,2026-05-29 17:00:19,1,150,0x7f904471b009cc0a6de95545186db4ad82dc8832d0ba2c772cea97e0ef88813e
0xdde3fe13a7a69fa2ea640d3f88d939cf9991e44f,Eden,2026-05-29 17:01:18,1,150,0x0d8649e07b53cf8c0df90395f68a509d33a41c4bb017452b786c3b79cccfdc99
0xdde3fe13a7a69fa2ea640d3f88d939cf9991e44f,Eden,2026-05-29 17:02:23,1,150,0x9f30573b6d83ab298311e619d5d23a83e4f626ec638464e04595779922fd836c
0xdde3fe13a7a69fa2ea640d3f88d939cf9991e44f,Eden,2026-05-29 17:09:47,1,150,0x0d48e9b6049803ebe8b5e61dddf5f57855b911bd1dddafd72890b239583e4802
0xdde3fe13a7a69fa2ea640d3f88d939cf9991e44f,OMEGA,2026-05-29 22:09:15,1,48,0xf122baf204ac2a97fc397daa56458b8f597408111934b750db088d2e88a28b46
0xdde3fe13a7a69fa2ea640d3f88d939cf9991e44f,Eden,2026-05-29 22:11:39,1,150,0x24200a559149a231477574cadc0a7cf70451b18b1dfb1237a71295dbb3a4e800
0xdde3fe13a7a69fa2ea640d3f88d939cf9991e44f,OMEGA,2026-05-29 22:17:39,1,48,0xd3e11cc15ec36c14b5816715f57e70469a0391b4fbd8d22f6e1eae0031186f16
0xdde3fe13a7a69fa2ea640d3f88d939cf9991e44f,OMEGA,2026-05-29 22:24:44,1,48,0x99b58372f323dc77e2adb6a849e8290298a2f76101df912f6f326bb0d27dcdb8
0xdde3fe13a7a69fa2ea640d3f88d939cf9991e44f,OMEGA,2026-06-03 18:12:24,1,48,0xb1758c47047406059fe32fcb4b9915961aceaf926fe100ee4d39e21260275276
0xdde3fe13a7a69fa2ea640d3f88d939cf9991e44f,OMEGA,2026-06-03 18:12:54,1,48,0xd7b7f3f597cbb8894a663f44e9bed09404966f717c23a7a3b67ab224440bbc8b
0xdde3fe13a7a69fa2ea640d3f88d939cf9991e44f,OMEGA,2026-06-03 18:13:33,5,240,0x0da7db9e0d2992a9747094bc5349b4c3f77203c845ce7c2a5286af8d21374fc6
0xdde3fe13a7a69fa2ea640d3f88d939cf9991e44f,OMEGA,2026-06-03 18:14:38,1,48,0xe19cec8e028a7b3d9daa145b6335cef82d7c4e95c600c416e0043061cece40e3
0xdde3fe13a7a69fa2ea640d3f88d939cf9991e44f,OMEGA,2026-06-03 18:15:45,5,240,0x8b2c723f80e71e9104cba3a8c0166b7f3c1c80a0eed26dcd27104fe2344eb11b
0xdde3fe13a7a69fa2ea640d3f88d939cf9991e44f,OMEGA,2026-06-03 18:16:23,1,48,0x5627f6636b22c086f16214421d47ebb4fd75da568df768b33adc1b09e7eddd13
0xdde3fe13a7a69fa2ea640d3f88d939cf9991e44f,OMEGA,2026-06-03 18:17:39,1,48,0x694fb6df6b25d2fbc8ae0f0f2aeba679b12a4cd6a50d0900dfd727b218fb72c2
0xdde3fe13a7a69fa2ea640d3f88d939cf9991e44f,OMEGA,2026-06-03 18:18:15,5,240,0x4b6af4ef0cd92897049fadcd227430423e4a9c93b7ff9aedf1552817afd51fd9
0xdde3fe13a7a69fa2ea640d3f88d939cf9991e44f,OMEGA,2026-06-03 18:19:10,1,48,0xeb8acce2afeed9ef8167f08799e6b8af987104f0ec071ab1b1f669bdb0b138b5
0xdde3fe13a7a69fa2ea640d3f88d939cf9991e44f,OMEGA,2026-06-03 18:19:53,5,240,0x051c03685312b4e91feacbe0fd807c6dacbc5cef4bdd77c32a744881a5bab6f4
0xdde3fe13a7a69fa2ea640d3f88d939cf9991e44f,OMEGA,2026-06-03 18:20:34,1,48,0xa5a9564c39ce15d3009bcf0445f30105961bf184875b378393fcd9b29d5c6c1d
0xdde3fe13a7a69fa2ea640d3f88d939cf9991e44f,OMEGA,2026-06-03 18:21:07,1,48,0x9d6015fa8ee221222408b3ef7f3c2f1aaf77c1dcc4dcee913324ac928ddd0710
0xdde3fe13a7a69fa2ea640d3f88d939cf9991e44f,OMEGA,2026-06-03 18:21:35,1,48,0xcf4250d9f3f6b2a04362a3554101bdcb3064663c9754daf7bea2c6ec41920856
0xdde3fe13a7a69fa2ea640d3f88d939cf9991e44f,OMEGA,2026-06-03 18:22:43,5,240,0x7ab7b610e15e50fda4c14c411adedef4e821e659189bd300ba2e6e2f672e4d92
0xdde3fe13a7a69fa2ea640d3f88d939cf9991e44f,OMEGA,2026-06-03 18:23:36,1,48,0x0f29556737843bac8c46c865380cb3d3df5d288164755b5e46de3c2dc4aa61ef
0xdde3fe13a7a69fa2ea640d3f88d939cf9991e44f,OMEGA,2026-06-03 18:24:19,5,240,0x08a4412afcd85efb1f06bda83d9cd982f61d7c64de4bcabea3f5bf6cb652b34b
0xdde3fe13a7a69fa2ea640d3f88d939cf9991e44f,Eden,2026-06-03 18:25:21,1,150,0xad9018f37ade4f6b96569c797fae9c659fd09e2f30417d754c88ccdeafd12910
0xdde3fe13a7a69fa2ea640d3f88d939cf9991e44f,OMEGA,2026-06-03 18:26:31,5,240,0x328386eb49ea328270a2eb1ed9e68219dbb19fbe9283b4788567608cc8a4315e
0xdde3fe13a7a69fa2ea640d3f88d939cf9991e44f,OMEGA,2026-06-04 03:04:31,1,48,0x3e8ebc91133e86e29bd3b1a457f82fd379cf82d3e281f8db8689de159b1c7dcc
0xdde3fe13a7a69fa2ea640d3f88d939cf9991e44f,OMEGA,2026-06-05 02:28:34,1,48,0x20eb12e34c4480d95d40f82b427e9afaeabaf3cd60d0bf92110d51c1ab345e5a
0xdde3fe13a7a69fa2ea640d3f88d939cf9991e44f,Early,2026-06-05 17:00:56,1,100,0xfdf7f3be08b0bf608561bfad8f7421b7ca79527f71a619e47df6560fe8d8c913
0xdde3fe13a7a69fa2ea640d3f88d939cf9991e44f,Early,2026-06-05 17:01:30,1,100,0x268b1ed68f3d230911ac03dc25bc2438f2ee3ce112d67e461c92bbf4569c93a9
0xdde3fe13a7a69fa2ea640d3f88d939cf9991e44f,Early,2026-06-05 17:02:25,1,100,0x55e82834a5f9b5ec4ee679215fedd01d4c5e9f02b6e4242a20b97750ec058ef6
0xdde3fe13a7a69fa2ea640d3f88d939cf9991e44f,Early,2026-06-05 17:03:02,1,100,0xfbb9304923adc3580bc58ce5d7dd42c9c4e3b2fd3db95c167282a41bf8e274e1
0xdde3fe13a7a69fa2ea640d3f88d939cf9991e44f,Early,2026-06-05 17:04:05,1,100,0xc5449127e88e42471710669d7be9ae1a9eabd0bf4f0dc7f3aafdbcdb4f409fd5
0xdde3fe13a7a69fa2ea640d3f88d939cf9991e44f,Early,2026-06-05 17:04:21,1,100,0x116d33e5cff78d2004ee103f526b8562ab11ddfeffa12abb282c47cce164b1f9
0xdde3fe13a7a69fa2ea640d3f88d939cf9991e44f,Early,2026-06-05 17:04:39,1,100,0x279e2952c3e69d67d557620b7c0a20ea432f67bffad9cdc2ac4bfc344ddb5c0d
0xdde3fe13a7a69fa2ea640d3f88d939cf9991e44f,Early,2026-06-05 17:05:17,1,100,0xed617e303b119293846c9528bd8922f9eea36d1c2b12beb2c2ecbebf206b4388
0xdde3fe13a7a69fa2ea640d3f88d939cf9991e44f,Early,2026-06-05 17:05:18,1,100,0xe194f678bd1aefbe0ad04fa63be1dba04c9d2bb33f281b6c6c4f3426d432ca27
0xdde3fe13a7a69fa2ea640d3f88d939cf9991e44f,Eden,2026-06-06 08:49:12,1,150,0x9c590f49d5469bfee2a0b102e8bdfcfd86f9ed000b367bacecba6cc2d8494174
0xdde3fe13a7a69fa2ea640d3f88d939cf9991e44f,OMEGA,2026-06-06 10:04:06,5,240,0x2ca8e73db798205d8c592d73c388322ba3dcb26abb9fe3f5e71c0397d32e8917
0xdde3fe13a7a69fa2ea640d3f88d939cf9991e44f,OMEGA,2026-06-06 10:04:41,5,240,0x1b94a7a3c3125825ae049fa9d8c50a2824423d09d8eb80269694e2b80acfcc82
0xdde3fe13a7a69fa2ea640d3f88d939cf9991e44f,OMEGA,2026-06-06 10:05:28,5,240,0x5fa31a3d808d1571b3ef240b3dcb42c0430b1515ee580a8e6b5f7c9292c59f46
0xdde3fe13a7a69fa2ea640d3f88d939cf9991e44f,OMEGA,2026-06-06 10:06:02,5,240,0x12095f083c1e93539b855a099fa1f244163e04f50b27cfe9eadd676855799845
0xdde3fe13a7a69fa2ea640d3f88d939cf9991e44f,OMEGA,2026-06-06 10:06:36,5,240,0x81c7a822b4b741e1376cc58e9e730c4727ddabb63f9b74607e338a11e1dbc249
0xdde3fe13a7a69fa2ea640d3f88d939cf9991e44f,OMEGA,2026-06-06 10:07:09,5,240,0x2ca070dc0d9b4e39cad315b5b82b91a9e421109fe1079fd88f701367f2e59a96
0xdde3fe13a7a69fa2ea640d3f88d939cf9991e44f,OMEGA,2026-06-06 10:07:48,5,240,0x285ba107a265dd6ada6124c4e76b530616f0f4721987d5cc2c8ad3d777e93e2d
0xdde3fe13a7a69fa2ea640d3f88d939cf9991e44f,OMEGA,2026-06-06 10:08:23,5,240,0x416f2f0c5f3bc9c81ea7563d7b2640fa839ea512007d99c1a5ce05a5b3ede4bd
0xdde3fe13a7a69fa2ea640d3f88d939cf9991e44f,OMEGA,2026-06-06 10:09:03,10,480,0x4ca7f0b6a37a6f0a98e7763d66fc3f12151744b86e59ef371b3acde73139efa7
0xdde3fe13a7a69fa2ea640d3f88d939cf9991e44f,OMEGA,2026-06-06 10:10:43,10,480,0x96aed7ffb9dd58d145a48947a6e386117ba816b9c757a1df61c94e05a3059f8d
0xdde3fe13a7a69fa2ea640d3f88d939cf9991e44f,OMEGA,2026-06-06 10:11:21,10,480,0x58cbd43e99f03f4a1a0efc25354187e09519bb4d8c2248ad2e5bf2d0da25870d
0xdde3fe13a7a69fa2ea640d3f88d939cf9991e44f,OMEGA,2026-06-06 10:12:00,10,480,0x42fe23b413e1fac2d34df016c85c54573e16093edd46beb30f8d3e8f76e23934
0xdde3fe13a7a69fa2ea640d3f88d939cf9991e44f,OMEGA,2026-06-06 10:12:52,1,48,0xb3e2d86f75f7ef83239a268402493a49b71b50cacab7f364e405fc704917b44b
0xdde3fe13a7a69fa2ea640d3f88d939cf9991e44f,OMEGA,2026-06-06 10:14:09,1,48,0xc8a47e0395e2c33592bb3ac029b16b2754a4142bde389693cc76bc60a76ca5df
0xdde3fe13a7a69fa2ea640d3f88d939cf9991e44f,Early,2026-06-12 17:00:42,1,100,0x7e67865a22c42b5f931ae32b989dc1233bcde00540ea72b76ac83355cbb6e8ab
0xdde3fe13a7a69fa2ea640d3f88d939cf9991e44f,Early,2026-06-12 17:01:37,1,100,0xbd49455fac17dff90f8b69487801816845eed96033b46998ac666cb807f9d510
0xdde3fe13a7a69fa2ea640d3f88d939cf9991e44f,Early,2026-06-12 17:02:10,1,100,0xdb2b3c3736260996120299e487a2b78afdc4df1811793072bd607c1bd0446101
0xdde3fe13a7a69fa2ea640d3f88d939cf9991e44f,Early,2026-06-12 17:05:57,1,100,0xb464482ff567a9bb51392085098026b597a1c7c6b4c36bff681c78fbcd9ad45c
0xdde3fe13a7a69fa2ea640d3f88d939cf9991e44f,Early,2026-06-19 17:00:19,1,100,0xea463eb2ce54083e3c1e05e4087fc2209b4facc28608c3ce90483cd4f573859e
0xdde3fe13a7a69fa2ea640d3f88d939cf9991e44f,Early,2026-06-19 17:03:00,1,100,0x94de800328fc23209b239b0fed9edf24b5f775665240ad6e173e099f81d9daaa
0xdde3fe13a7a69fa2ea640d3f88d939cf9991e44f,Early,2026-06-19 17:50:20,1,100,0x913f4046e912995ac5524b325ec0f04cadcc1a58c09c8527fd623a6efc5ce95e
0xdde3fe13a7a69fa2ea640d3f88d939cf9991e44f,Early,2026-06-26 17:00:20,1,100,0xabc0a3b3a336818d4d096945a5ddc038dbde45662b1e74c0fc8283bc97454f87
0xdfbea1bbb3de4dc705eb673f9cfc7dedeeafe00d,Early,2026-05-22 17:00:09,1,100,0x9f68860792df88b700fda6a67a7404c58001199c8afaea5014d58df02cbcb263
0xdfbea1bbb3de4dc705eb673f9cfc7dedeeafe00d,OMEGA,2026-05-26 16:12:14,5,240,0xb0da16626d29ee1a708a8534b98570946ea8b03870b70c882cb7f81ba4acf8a9
0xdfbea1bbb3de4dc705eb673f9cfc7dedeeafe00d,OMEGA,2026-05-26 16:17:43,1,48,0xe979ceb279f529fbf8fa489d3392e5bb1655a8f1db8ec3f2276ca7985a588139
0xdfbea1bbb3de4dc705eb673f9cfc7dedeeafe00d,OMEGA,2026-05-26 16:23:01,1,48,0x487d13e24998cc7278cebd43ffc87bf3174cb914702c637cbf22b396b0d0693e
0xdfbea1bbb3de4dc705eb673f9cfc7dedeeafe00d,OMEGA,2026-05-26 16:30:21,1,48,0x8d8918517986088866fd42ba5e167ae84d57def4c0d579c7dd98eb255e451684
0xdfbea1bbb3de4dc705eb673f9cfc7dedeeafe00d,OMEGA,2026-05-26 16:31:23,5,240,0xb9571cf8d896db94c36eae9ca1db13b01ec233badbee2930f94d5fce32e46d9f
0xdfbea1bbb3de4dc705eb673f9cfc7dedeeafe00d,OMEGA,2026-05-27 23:40:23,1,48,0x1399c24555ae4d170da768215ef3ebeed3c4165ba008192ab0eb6862c51541f6
0xdfbea1bbb3de4dc705eb673f9cfc7dedeeafe00d,OMEGA,2026-05-27 23:43:05,1,48,0x07b0b6b2800e8d1d64f97ffd9c18c0d29f44b6e020deb3af5ae74f7fff33a031
0xdfbea1bbb3de4dc705eb673f9cfc7dedeeafe00d,OMEGA,2026-05-28 00:52:46,1,48,0xf192d1bf7918b5fea41c59265dad22a1f74b974fdfaa07174f6d6f8b97f37377
0xdfbea1bbb3de4dc705eb673f9cfc7dedeeafe00d,OMEGA,2026-05-28 00:53:42,1,48,0x47ca01c22a7a80dffd8144bb2c3188e49087bc1e451ee5d8e8e79aa2e1160e41
0xdfbea1bbb3de4dc705eb673f9cfc7dedeeafe00d,OMEGA,2026-05-28 00:57:16,1,48,0xe059ab062cfbd16c0f7daaf60131275e4e163297867ad55eea870f8225c82543
0xdfbea1bbb3de4dc705eb673f9cfc7dedeeafe00d,OMEGA,2026-05-28 00:59:41,1,48,0xef9b6fc364db7168596c91fd13187726af4468e3c5aa63388133c05d538c4985
0xdfbea1bbb3de4dc705eb673f9cfc7dedeeafe00d,OMEGA,2026-05-28 01:00:57,1,48,0xe07e1f79e3927be83e7dbf1e5b5e19446f2600af054fff62273153d0b8f740af
0xdfbea1bbb3de4dc705eb673f9cfc7dedeeafe00d,OMEGA,2026-05-28 01:02:45,1,48,0xdd706b6cbbeba765ae8f40db7ba2771172f33b79b4442721af6c381ae57970ac
0xdfbea1bbb3de4dc705eb673f9cfc7dedeeafe00d,OMEGA,2026-05-28 01:03:44,1,48,0x4154a6113ca02c62a88e13bbe0ced5de328a150214a041988e441d50e8e51efa
0xdfbea1bbb3de4dc705eb673f9cfc7dedeeafe00d,OMEGA,2026-05-28 01:07:10,5,240,0x3f4ac7f0bdd3b6cd5151161f50f5b08b9d16eb260879c1a0feed117fec186ac8
0xdfbea1bbb3de4dc705eb673f9cfc7dedeeafe00d,OMEGA,2026-05-28 01:20:03,5,240,0x1dc5ef4c6ae7f74ec8a19074f00fd72c04ede016c7ce5570b7a909a95333cff4
0xdfbea1bbb3de4dc705eb673f9cfc7dedeeafe00d,OMEGA,2026-05-28 16:17:04,10,480,0x6c8e8bf18f68c2e5fdb83edcd31f9fc22918b1db1a8a8798ab41ff9dad9dd093
0xdfbea1bbb3de4dc705eb673f9cfc7dedeeafe00d,OMEGA,2026-05-28 17:32:35,10,480,0x163bcf8fa47a988a9ff6f648cb5d0e74c0f80778bdbf1d662441aa8b739f24b5
0xdfbea1bbb3de4dc705eb673f9cfc7dedeeafe00d,OMEGA,2026-05-29 00:00:57,10,480,0x9ec391f28f3f01bfbda8e6943d8c537f38b2791eec2f28ef64357755f7ee19f7
0xdfbea1bbb3de4dc705eb673f9cfc7dedeeafe00d,Eden,2026-05-29 17:00:34,1,150,0x87d4636482dea1d5d5c7a30265acb6d72262cfce65886df6f5cfc7711cf521fa
0xdfbea1bbb3de4dc705eb673f9cfc7dedeeafe00d,Eden,2026-05-29 17:02:29,1,150,0x29436782e12137b4dd69c5b47baf731940a3cb4e97907092c85033671f2fdcca
0xdfbea1bbb3de4dc705eb673f9cfc7dedeeafe00d,OMEGA,2026-05-29 17:55:22,1,48,0x8a59af89ac9034b914641cf62c4451b8d6652860410fd5a360309bd6a08bd41e
0xdfbea1bbb3de4dc705eb673f9cfc7dedeeafe00d,OMEGA,2026-05-29 17:58:41,10,480,0xc7dddcafcfdb75d4a7fa394bc22767be03eec2bb18fb11551d86d0df8a6459f7
0xdfbea1bbb3de4dc705eb673f9cfc7dedeeafe00d,OMEGA,2026-05-29 18:00:10,10,480,0xfa6f7b604ec20ddb3a84b9c15a6d372084787b313d862a10bab67b1003523e66
0xdfbea1bbb3de4dc705eb673f9cfc7dedeeafe00d,Early,2026-06-05 17:00:18,1,100,0x0238e12238e0c695cbaa2e3a647ff5138bedb29f66899f7e442745e915467a63
0xdfbea1bbb3de4dc705eb673f9cfc7dedeeafe00d,OMEGA,2026-06-06 15:24:05,5,240,0xbc86e2686db14a60277c3b3a464851721e0df663a10cea6f223a17c26e0c1c6b
0xdfbea1bbb3de4dc705eb673f9cfc7dedeeafe00d,OMEGA,2026-06-06 15:25:43,5,240,0xb60b941b03c44444cb4c88c4ac2847570379f638adfb22f04c166085a66a3f3c
0xdfbea1bbb3de4dc705eb673f9cfc7dedeeafe00d,Eden,2026-06-09 15:22:29,1,150,0xa7110e18489f2a3aa2978719b22a2a3b0bb8a08b9f024e1e51a0906096986f76
0xdfbea1bbb3de4dc705eb673f9cfc7dedeeafe00d,RenaCrypt,2026-06-09 21:29:08,1,88,0xfcd15f0f283e320b4bbbdec47893a7bf3327e94cbb013c28c022af124ed6274c
0xdfbea1bbb3de4dc705eb673f9cfc7dedeeafe00d,Early,2026-06-12 17:01:27,1,100,0x8d942a770eb8b4eeb3c4a1c4966be90dd92380b0517f0f85b61d176ffa5ba8c4
0xdfbea1bbb3de4dc705eb673f9cfc7dedeeafe00d,OMEGA,2026-06-12 18:56:24,1,48,0x557d6f1f76afaebca4bfe90dfb3f87a53956b169c8806184666f362ac780e0a3
0xdfbea1bbb3de4dc705eb673f9cfc7dedeeafe00d,Early,2026-06-19 17:00:30,1,100,0x34dfc44254c2e73a7ecb51bd9225d873b688463012cef523f2be7b0a0ce7fbe4
0xdfbea1bbb3de4dc705eb673f9cfc7dedeeafe00d,Early,2026-06-26 17:01:45,1,100,0x03f1a3b9a4f6f01fb7b1d36924fd00b2e98846cb9e7ffa5aca50c7929edd1824
0xf21711063ef7cb0f6f6febba8ad9c8ba6c76b269,Early,2026-05-22 17:01:38,1,100,0x84f027e11502253310522e93ebf96f957c98f0b33fdd73f8bd18abe774037850
0xf21711063ef7cb0f6f6febba8ad9c8ba6c76b269,Early,2026-05-22 17:02:13,1,100,0x42d2b6b35f3314322dcb09419af09f9a6862b908b04a00aa3dd6aac6409d046d
0xf21711063ef7cb0f6f6febba8ad9c8ba6c76b269,Early,2026-05-22 17:02:56,1,100,0x38c21d2fb50fa836238ac33b54529f2857f06d5a4fc685d930d2153c79655aa5
0xf21711063ef7cb0f6f6febba8ad9c8ba6c76b269,Early,2026-05-22 17:04:38,1,100,0xe959aabed1ef8cbe318e6a59e97c862881b302ec6e7e72c4372ff39d7401466e
0xf21711063ef7cb0f6f6febba8ad9c8ba6c76b269,Early,2026-05-22 17:08:35,1,100,0x090a9026e54dcaad54b477863635f8f479d28de57c8e3cb8f2dddc90dff38997
0xf21711063ef7cb0f6f6febba8ad9c8ba6c76b269,Early,2026-06-19 17:10:13,1,100,0x1e44054180826416a9d0df2d67d7368624cac054f776fb343be491d7ad4f8fc4
0xfad4c61d57cd55426ea53cd0c41d60d2f1cd7a83,Early,2026-05-22 17:00:10,1,100,0x80638b305991da20d3e995b021df9eabc34b79c6a89449e8b1cbaaef49b44832
0xfad4c61d57cd55426ea53cd0c41d60d2f1cd7a83,Early,2026-05-22 17:00:14,1,100,0x9db21f6f5ff43fe670803b975a0e7d90e5f09f37fc5594462c36b0b8762f8924
0xfad4c61d57cd55426ea53cd0c41d60d2f1cd7a83,Early,2026-05-22 17:01:16,1,100,0xd86012a97b9c8247567b68dbbb80e490302457a919673784baed7a6dfaec7674
0xfad4c61d57cd55426ea53cd0c41d60d2f1cd7a83,Early,2026-05-22 17:01:41,1,100,0xbd677e0e27a766443f3df82419cc4da292f47a4371e359613fd7d1d5275369da
0xfad4c61d57cd55426ea53cd0c41d60d2f1cd7a83,Early,2026-05-22 17:02:08,1,100,0x6279026e7b7b25a2998e0dfaf8f591ddad5f26563a204649fa132b6ffae3360f
0xfad4c61d57cd55426ea53cd0c41d60d2f1cd7a83,Early,2026-05-22 17:02:36,1,100,0x970915a4d5cd34b61b913f9254cb820c4e958c73dbd623acc96286427d2b5f8e
0xfad4c61d57cd55426ea53cd0c41d60d2f1cd7a83,Early,2026-05-22 17:03:04,1,100,0xe2e928cb72c071b5218d9d029db605031efe82ed3f02d5a9b8be2b7d37ce99f2
0xfad4c61d57cd55426ea53cd0c41d60d2f1cd7a83,Early,2026-05-22 17:04:10,1,100,0x64a0c94822c0057ed318d9263652586cd6df2943ba066c6a06c1441504d449a7
0xfad4c61d57cd55426ea53cd0c41d60d2f1cd7a83,Early,2026-05-22 17:04:33,1,100,0x26e409b414c5559d253e067633916f39b46cca8fbd7a7d0b9d8ac4ff0c664b03
0xfad4c61d57cd55426ea53cd0c41d60d2f1cd7a83,Early,2026-05-22 17:04:54,1,100,0x2b78c110e7c431ac0471edc51fa97e13fe6fc3823aa5ddffd52add2ce05241c8
0xfad4c61d57cd55426ea53cd0c41d60d2f1cd7a83,Early,2026-05-22 17:05:13,1,100,0xb0f8661324561b21b5a34577953450c1137a7d57596a7a34c78faf781241bcee
0xfad4c61d57cd55426ea53cd0c41d60d2f1cd7a83,Early,2026-05-22 17:05:36,1,100,0x19df8bea2cb8d9a4d8f0ed881eaa4cbf0f61705defbddcf4680d3eac64b078ae
0xfad4c61d57cd55426ea53cd0c41d60d2f1cd7a83,Early,2026-05-22 17:05:56,1,100,0xeb9704ec80cc48633f5fbfcf1e2a05c1edc43d9b7f5a88e469c99148476db081
0xfad4c61d57cd55426ea53cd0c41d60d2f1cd7a83,Early,2026-05-22 17:06:19,1,100,0x2c47910293dbcef6499b907fb28e80e8d463e7ab3143e76709b3600a4cf23221
0xfad4c61d57cd55426ea53cd0c41d60d2f1cd7a83,Early,2026-05-22 17:06:39,1,100,0xdc3d311640cab2cde3e42e3806d0b955f50053979ee5bbaf14ff943ff76bffd0
0xfad4c61d57cd55426ea53cd0c41d60d2f1cd7a83,Early,2026-05-22 17:09:50,1,100,0xb8adaa4d18d9e368c0e2c4c7c618a19c0bc1e7d31f3afa9371ff2a3a48c4fd11
0xfad4c61d57cd55426ea53cd0c41d60d2f1cd7a83,Early,2026-05-22 17:12:05,1,100,0x44f2b8aa1e6525ff333f9fffa54cdbdbfd623fc212723e2755ae89dd3c06ac0a
0xfad4c61d57cd55426ea53cd0c41d60d2f1cd7a83,Early,2026-05-22 17:14:50,1,100,0x983456a6f40c42f143a1dfa0cd1802ba7c40f0c4d0eeddd0fdf3f8da50d0f5fd
0xfad4c61d57cd55426ea53cd0c41d60d2f1cd7a83,Early,2026-05-22 17:15:49,1,100,0x141f3233dfd43563c600b1090a17466946bcdd59ece12d0672933f087319b731
0xfad4c61d57cd55426ea53cd0c41d60d2f1cd7a83,Early,2026-05-22 17:17:00,1,100,0xfd05f4318a3142d5327fe4cffcae36c27b56814b18679a373668085b79c1f948
0xfad4c61d57cd55426ea53cd0c41d60d2f1cd7a83,Early,2026-05-22 17:18:18,1,100,0xc743834b7202bc6f276a63e78e25e1a3e8fb76423b35598baaba9f6dbb6faa20
0xfad4c61d57cd55426ea53cd0c41d60d2f1cd7a83,Early,2026-05-22 17:20:54,1,100,0x38fc88e8d70ceafeb1d32651eadb7339d55761f4e5e7035ffe494651b72106eb
0xfad4c61d57cd55426ea53cd0c41d60d2f1cd7a83,OMEGA,2026-05-26 14:31:42,5,240,0xa85ced4da61afec3f0673e0027d06ae8d488c265497934532f5e841174651ec7
0xfad4c61d57cd55426ea53cd0c41d60d2f1cd7a83,OMEGA,2026-05-28 15:03:42,5,240,0x652ecd295dbf54b364580001483a12aa0e55a1da8321a059de908ac0eb557958
0xfad4c61d57cd55426ea53cd0c41d60d2f1cd7a83,Eden,2026-05-29 17:00:18,1,150,0x1d70202d72a9e9b5b75bcc8e57c16c91a83edd2caab06cbec29d8e7290802793
0xfad4c61d57cd55426ea53cd0c41d60d2f1cd7a83,Eden,2026-05-29 17:00:43,5,750,0x28421c8daa38600e4e29284f8bc5e651f8c92d7ddb7b13ee091544c553518f99
0xfad4c61d57cd55426ea53cd0c41d60d2f1cd7a83,Eden,2026-05-29 17:01:19,1,150,0x650b27b37e30ba680b742d74eea35c79c5a0e6cb703038253bbc939cbd8b43a6
0xfad4c61d57cd55426ea53cd0c41d60d2f1cd7a83,Eden,2026-05-29 17:01:43,1,150,0x51eba6c295be8afc7d06db531373d3a9e10cb015f5850401c3a54c9ef540db9f
0xfad4c61d57cd55426ea53cd0c41d60d2f1cd7a83,Eden,2026-05-29 17:15:05,1,150,0xb5741248942cb065e251b6f3c48cd4bd4372d1422be8937a95403fbb2ad229b4
0xfad4c61d57cd55426ea53cd0c41d60d2f1cd7a83,Eden,2026-05-29 17:48:35,1,150,0x2968b83d36d2ac6a8c8bdca24746961af738d5a12e714c1c63bad5bc66dd6bec
0xfad4c61d57cd55426ea53cd0c41d60d2f1cd7a83,Eden,2026-05-29 17:49:27,1,150,0x46a1ed781d3293d8718ad204bbe2848f49321da038b7a2847a4fb21ed8072c8f
0xfad4c61d57cd55426ea53cd0c41d60d2f1cd7a83,Eden,2026-05-29 17:51:29,1,150,0x541bb9c74f2fa009ed39e2610f3175e497c4f0f6148fc74cc54ff98fc2484c33
0xfad4c61d57cd55426ea53cd0c41d60d2f1cd7a83,Eden,2026-05-29 17:52:31,1,150,0xfb6e7479e4803bffcbb8513c9ea5317a2035bb9a0ffa0241d24b9f279c899d24
0xfad4c61d57cd55426ea53cd0c41d60d2f1cd7a83,Eden,2026-05-29 17:53:28,1,150,0xe29599cbb0d026a6df0bd2d3ff346e03845f9c45c0fbe3ed649bcb4bc1735485
0xfad4c61d57cd55426ea53cd0c41d60d2f1cd7a83,Eden,2026-05-29 17:54:09,1,150,0x51dca0f384bcf484fec3eb969afbfd602c1922f711db2ef076754839f67d74e8
0xfad4c61d57cd55426ea53cd0c41d60d2f1cd7a83,Eden,2026-05-29 17:54:40,1,150,0x5841fee4f1054dc47ed53aa2718028006661e2955a771656171c6fedab81a0f5
0xfad4c61d57cd55426ea53cd0c41d60d2f1cd7a83,Eden,2026-05-29 18:00:50,1,150,0x231886f8b7c59de4827ab7d30535cdf8c3e970da1cd8e90c07509d81bdea0177
0xfad4c61d57cd55426ea53cd0c41d60d2f1cd7a83,Eden,2026-05-29 18:01:32,1,150,0xa66ef17f0f83d6665ee962f142b596d324cec4b0a80ab7f6878f7a6dd97c26fc
0xfad4c61d57cd55426ea53cd0c41d60d2f1cd7a83,Eden,2026-05-29 18:10:19,1,150,0xbd3bcb0eb16fc90b7bef5daf1b5b98377e8162f6d8eee3e7a6f23c8556b93520
0xfad4c61d57cd55426ea53cd0c41d60d2f1cd7a83,Eden,2026-05-31 01:42:28,1,150,0x9ef97e0139343c7a6fb7611c835e88e6c54854eb6170d845f9d046ef95e68eed
0xfad4c61d57cd55426ea53cd0c41d60d2f1cd7a83,Eden,2026-05-31 01:43:25,1,150,0x69b32938cc8380a1b57b7993f18a9488f86bff1c450bc85ebde7ae08d1f58381
0xfad4c61d57cd55426ea53cd0c41d60d2f1cd7a83,Eden,2026-05-31 01:43:56,1,150,0x5b60673d34066c528276b85d6ce43d6795f9c4b727ff128ce72878d0bbef4f5f
0xfad4c61d57cd55426ea53cd0c41d60d2f1cd7a83,Eden,2026-05-31 01:44:33,1,150,0x2c36eed723d2704f7fbe5688ddcb739c41f8d947d3477bcdee7c9f4dc3cb1a5f
0xfad4c61d57cd55426ea53cd0c41d60d2f1cd7a83,Eden,2026-05-31 01:45:12,1,150,0x33899c141fbfe05ad3cbc3d9ba254b74719232a7655fda1619ac663b3b8c5cd3
0xfad4c61d57cd55426ea53cd0c41d60d2f1cd7a83,Eden,2026-05-31 01:45:52,1,150,0x6e78b8024ce631b23430ebd7008fe9f188e2c32db296fbac121ef1776fa4e39a
0xfad4c61d57cd55426ea53cd0c41d60d2f1cd7a83,Eden,2026-05-31 01:46:25,1,150,0x0ad2c0c062b901fa452bf67137b4da8dcd8336594a2c8e126748352d75eeb23e
0xfad4c61d57cd55426ea53cd0c41d60d2f1cd7a83,Early,2026-06-05 17:10:54,1,100,0xed03fbafb9edfc7323acde16c6899c3c04cce183fc359c71d83186b67d056491
0xfad4c61d57cd55426ea53cd0c41d60d2f1cd7a83,Early,2026-06-05 17:11:15,1,100,0xa36c48b902f177d77007fe6e45ccd76348f3aeee304def8ba23303063f94acc4
0xfad4c61d57cd55426ea53cd0c41d60d2f1cd7a83,Early,2026-06-05 17:11:41,1,100,0xaf75c40906db5f096a0389c1ee794ec91ec872582610c60faa623fa6baee9929
0xfad4c61d57cd55426ea53cd0c41d60d2f1cd7a83,Early,2026-06-05 17:12:02,1,100,0x881294416edd8ed21b9e64f493c1b503c093ded3b58fff992cd64f945c8e7817
0xfad4c61d57cd55426ea53cd0c41d60d2f1cd7a83,Early,2026-06-05 17:12:44,1,100,0xe89ff4c1ab98e1826e29b396c0ad7f1eac00ec4d81cc8adea4010321832a13f3
0xfad4c61d57cd55426ea53cd0c41d60d2f1cd7a83,Early,2026-06-05 17:13:19,1,100,0x47f57287a8b81d498ace69894692573ed1121522d286ad34b6ce82d0382a68b8
0xfad4c61d57cd55426ea53cd0c41d60d2f1cd7a83,Early,2026-06-05 17:13:46,1,100,0x2c6691c25566eb8fac6d0071cbe5f7a838900a2fe4548f421f4df76fb62879ec
0xfad4c61d57cd55426ea53cd0c41d60d2f1cd7a83,Early,2026-06-05 17:14:19,1,100,0x92b6d5a91445a39df9a1d451d6332ea6c11ad7283974fd82d4fb3ce5029d81c1
0xfad4c61d57cd55426ea53cd0c41d60d2f1cd7a83,Early,2026-06-05 17:14:42,1,100,0x5812afebdc2b3d446e385c8d429daf67a0ef58b6bad74bd7f7ec20aa0d56ade6
0xfad4c61d57cd55426ea53cd0c41d60d2f1cd7a83,Early,2026-06-05 17:15:00,1,100,0x04616b0c6fb7d1e2a313dd3b5f8fb1186af8ceb1fd92e97438445d6e40a90118
0xfad4c61d57cd55426ea53cd0c41d60d2f1cd7a83,Early,2026-06-05 17:17:52,1,100,0xfb83d909f398b73176dfa942cc523b7b10dc1fc3544de226639730c983b688bf
0xfad4c61d57cd55426ea53cd0c41d60d2f1cd7a83,Early,2026-06-05 17:20:36,1,100,0xfa463492a73817d9643491fa4904988e95011614203aa0258f9e6885176f55fb
0xfad4c61d57cd55426ea53cd0c41d60d2f1cd7a83,Early,2026-06-05 17:21:57,1,100,0x37edec311a2f7a4033e332d533604b7d0ccad127ccb404745145e9c8225f3182
0xfad4c61d57cd55426ea53cd0c41d60d2f1cd7a83,Early,2026-06-05 17:22:31,1,100,0xb4d7c920d71717db977b6e0a67abbd467be5f8289b08905eae18e4ca9727173a
0xfad4c61d57cd55426ea53cd0c41d60d2f1cd7a83,Early,2026-06-05 17:23:42,1,100,0xad45d378c379d8e07d741a443e053a3b6ab7e6f0ed2317a63e112a9587b977cf
0xfad4c61d57cd55426ea53cd0c41d60d2f1cd7a83,Early,2026-06-05 17:24:54,1,100,0x4a5db836c659241519edb0f8cb93a61c50c330ebc37b6ee86ad05a784ef4cf00
0xfad4c61d57cd55426ea53cd0c41d60d2f1cd7a83,RenaCrypt,2026-06-05 19:31:05,1,88,0x037cfabf6258b4fe59bfe718955525ceda95975f0f3c65c9be5abca4d353e5be
0xfad4c61d57cd55426ea53cd0c41d60d2f1cd7a83,RenaCrypt,2026-06-05 19:31:37,1,88,0x17c6570a5da6f64bae8147e00aec3efe7eff12ccf965db5ea87082fcb2618d3a
0xfad4c61d57cd55426ea53cd0c41d60d2f1cd7a83,RenaCrypt,2026-06-05 19:34:50,1,88,0x5f8a37c9c55158a24d89b5d51a4ed5d389f7bbd2c79837bd4aa8113b8c08cc08
0xfad4c61d57cd55426ea53cd0c41d60d2f1cd7a83,Eden,2026-06-05 19:35:46,1,150,0xedf682f4f721c16350e9e629a625fd21b3016d263bfa6e8bbb8d942112d0ce0d
0xfad4c61d57cd55426ea53cd0c41d60d2f1cd7a83,Eden,2026-06-05 19:36:23,1,150,0xf77e2b9e216c0a30909da6a77322393f8015ae5e9549c11295e1b6469fdc49c6
0xfad4c61d57cd55426ea53cd0c41d60d2f1cd7a83,Eden,2026-06-05 19:38:19,1,150,0x24af0da17465f49c53115d8045625b0b45729e9907955bf3172c4064684414a1
0xfad4c61d57cd55426ea53cd0c41d60d2f1cd7a83,Eden,2026-06-05 19:41:51,1,150,0x680498f2b9b5e1fee5c73b52269fee257f19b583f605b0aab7947658541eefcc
0xfad4c61d57cd55426ea53cd0c41d60d2f1cd7a83,RenaCrypt,2026-06-05 20:22:19,1,88,0xd772c446036b9a7cd08d58abc7f4ffdb3147f0ea807f43749d0303687c838497
0xfad4c61d57cd55426ea53cd0c41d60d2f1cd7a83,RenaCrypt,2026-06-05 20:22:50,1,88,0x01f4b1e85c43cf4a681405445eb1a2011a30a72804f7bb962ed18e39979168af
0xfad4c61d57cd55426ea53cd0c41d60d2f1cd7a83,RenaCrypt,2026-06-05 20:23:34,1,88,0xffb63a483c28ba84c2accf71ce19be0e3d9a2081ee1959791b839fee46b6a9a0
0xfad4c61d57cd55426ea53cd0c41d60d2f1cd7a83,RenaCrypt,2026-06-05 20:24:06,1,88,0xc57e5ad403e85b5e20f12b4307bc9027ba28e7b448fbedf2119a252adbdad06c
0xfad4c61d57cd55426ea53cd0c41d60d2f1cd7a83,RenaCrypt,2026-06-05 20:24:41,1,88,0x6be58d381e49e1671acb2a0527512c24613a728900a1c5ec54fb7aab2d4b48a0
0xfad4c61d57cd55426ea53cd0c41d60d2f1cd7a83,RenaCrypt,2026-06-05 20:25:11,1,88,0xc51f1f2d9d1096ff8d70a0bcef7dac4018e0f88d29dcdb7a7679e3cc57106ce5
0xfad4c61d57cd55426ea53cd0c41d60d2f1cd7a83,RenaCrypt,2026-06-05 20:25:42,1,88,0xeecbc81f457c0850d96c71bddb2edce91dd2275be94122be492a51c555685103
0xfad4c61d57cd55426ea53cd0c41d60d2f1cd7a83,RenaCrypt,2026-06-05 20:27:08,1,88,0xcda469813a7167e817efa7e56870547af174212cd2f7a2fb51aeffe596ebacd5
0xfad4c61d57cd55426ea53cd0c41d60d2f1cd7a83,RenaCrypt,2026-06-05 20:29:04,1,88,0xc4a738bfc78da06c6e02e359a92ead20dcb256010971bd87056a3dc9f1189cf1
0xfad4c61d57cd55426ea53cd0c41d60d2f1cd7a83,RenaCrypt,2026-06-06 16:27:36,1,88,0xa5540b484ac24616eebd8e7bb1d0fe698b9d7c3d2a78ce6ecf0107fd81960d1a
0xfad4c61d57cd55426ea53cd0c41d60d2f1cd7a83,RenaCrypt,2026-06-08 15:10:04,1,88,0x5eafe5519a811ea0d5f635d1d25bcefb0cce8adac0a5331eda89c8e019600175
0xfad4c61d57cd55426ea53cd0c41d60d2f1cd7a83,RenaCrypt,2026-06-08 15:10:51,1,88,0x011aac83a80302821a4c84751d8fb1bff6019f1f7e04a390afa676e716003cfd
0xfad4c61d57cd55426ea53cd0c41d60d2f1cd7a83,RenaCrypt,2026-06-08 15:17:21,1,88,0x55233e018d8a3e4e886ea946ec01c6c8f1ec17d9ce6ff9a2976002446316b6d2
0xfad4c61d57cd55426ea53cd0c41d60d2f1cd7a83,RenaCrypt,2026-06-09 03:57:03,1,88,0xbc842d51274bd5724a650b93ef485ad8a7077f638ab940e710febbec82caa862
0xfad4c61d57cd55426ea53cd0c41d60d2f1cd7a83,RenaCrypt,2026-06-11 00:12:58,1,88,0x95161dc04b9a1bf830654fe281fbe7744846e3510ae8c3f6cbde40e9b6cf96c8
0xfad4c61d57cd55426ea53cd0c41d60d2f1cd7a83,RenaCrypt,2026-06-11 00:18:05,1,88,0x9465d66efe64ece46d419a06eb523113b27eceb9e9c7d6e1a52c0bb0e953ee15
0xfad4c61d57cd55426ea53cd0c41d60d2f1cd7a83,RenaCrypt,2026-06-12 06:15:56,1,88,0x704b9681b42941959602bbe725201477cfa3a0810968725fddadd8bce02c0659
0xfad4c61d57cd55426ea53cd0c41d60d2f1cd7a83,RenaCrypt,2026-06-12 06:16:26,1,88,0x8925c642d5b0f77d1597b840193366056743997d35b484757a7f1d608458eb0b
0xfad4c61d57cd55426ea53cd0c41d60d2f1cd7a83,RenaCrypt,2026-06-12 06:56:08,1,88,0xdff15debbfef58e45ddf5d73197e5b2a2531c1315f2745717e866112afaf6955
0xfad4c61d57cd55426ea53cd0c41d60d2f1cd7a83,RenaCrypt,2026-06-12 07:00:17,1,88,0x0da09cd8cd731ca0a405fec8db7da34602c0789f520af54aab966daf621c95e9
0xfad4c61d57cd55426ea53cd0c41d60d2f1cd7a83,RenaCrypt,2026-06-12 08:48:46,1,88,0x06bb4aa600ec94f31feac3ab439ec5319310b5248a1984e2e9f4f591c9fb88d2
0xfad4c61d57cd55426ea53cd0c41d60d2f1cd7a83,Early,2026-06-12 17:00:28,1,100,0x6bd104a0880200cf7c5e446bdd42e00f6900e5d76cb000da62ac42382c7256d5
0xfad4c61d57cd55426ea53cd0c41d60d2f1cd7a83,Early,2026-06-12 17:02:35,1,100,0xe2bc8aa6405747fb305d6e60e8405d33d8a146ddace877e449c25c5069acc834
0xfad4c61d57cd55426ea53cd0c41d60d2f1cd7a83,Early,2026-06-12 17:03:35,1,100,0x18d28ec06777118b663d61877dc9af24e37bcc145e7943f61760f90d94500485
0xfad4c61d57cd55426ea53cd0c41d60d2f1cd7a83,Early,2026-06-12 17:04:38,1,100,0x0c110ed93f2c884615c64f4ca705ddbdc023542db8a3a30695ec63e002a2f62c
0xfad4c61d57cd55426ea53cd0c41d60d2f1cd7a83,Early,2026-06-12 17:05:45,1,100,0x7aeec5bfbcfa5a1cfd78c4987cf7ced421923f641144b9c9aa94e7ab4fccf3ca
0xfad4c61d57cd55426ea53cd0c41d60d2f1cd7a83,Early,2026-06-12 17:06:21,1,100,0xd57ab1f921ea266fed45c79f90173e5bde6a54c1b4adef710770716921cbe64b
0xfad4c61d57cd55426ea53cd0c41d60d2f1cd7a83,Early,2026-06-12 17:06:52,1,100,0xbb19a9478a0fc42b5eb73e5628e028774ce627dcb294044bbbf632cb4aa62bf7
0xfad4c61d57cd55426ea53cd0c41d60d2f1cd7a83,Early,2026-06-12 17:07:23,1,100,0xe4cded5d6c04a44046c8a312b63232ac1386cd34cb0d344c6ee4ffaf07484331
0xfad4c61d57cd55426ea53cd0c41d60d2f1cd7a83,Early,2026-06-12 17:07:56,1,100,0x8a7e739fd09c871ffbecf300de1c9a13f9a01d6718f21b4df987f114fa730f97
0xfad4c61d57cd55426ea53cd0c41d60d2f1cd7a83,Early,2026-06-12 17:08:30,1,100,0xd34d348740d4a64792e37f1e42f7e16773b10523e6de75d263f6b14e6f8eb7f5
0xfad4c61d57cd55426ea53cd0c41d60d2f1cd7a83,Early,2026-06-12 17:09:03,1,100,0xc5233161be5c06385aa18749ec3de46edfc93ee3a198f43824e27b38e47a5cca
0xfad4c61d57cd55426ea53cd0c41d60d2f1cd7a83,Early,2026-06-12 17:09:53,1,100,0x579b4f92e064287ebe2654e4b0242dc035b20f6049b35826b03e0708299622b1
0xfad4c61d57cd55426ea53cd0c41d60d2f1cd7a83,Early,2026-06-12 17:11:07,1,100,0xb9b9c9762d1ec922f06e0d5268b460be13e8f5f60e29cb61ae89b091a504d211
0xfad4c61d57cd55426ea53cd0c41d60d2f1cd7a83,Early,2026-06-12 17:11:46,1,100,0x42e7669931a033da07576c1d54811dcc3d01929ef8fb8a691c7fc45378cc358f
0xfad4c61d57cd55426ea53cd0c41d60d2f1cd7a83,Early,2026-06-12 17:12:23,1,100,0xbd374acb4683db188b17454e0809c6e811743911a610aa0a69ea04306eecb387
0xfad4c61d57cd55426ea53cd0c41d60d2f1cd7a83,Early,2026-06-12 17:13:20,1,100,0xa10bdd6fc35e3fbe713d5b22e9f6628f95113d1efb4215203eb8b96a10e84937
0xfad4c61d57cd55426ea53cd0c41d60d2f1cd7a83,Early,2026-06-12 17:14:23,1,100,0x883a8ac95d753668eca28544b5a42275ce5153cb3d2a611833093de4bbc29ecd
0xfad4c61d57cd55426ea53cd0c41d60d2f1cd7a83,Early,2026-06-12 17:15:07,1,100,0xea6d59bd5a83d2eb42fcf900c3d0a69dfd85d4f44e24b8942efcbb45665e5e74
0xfad4c61d57cd55426ea53cd0c41d60d2f1cd7a83,Early,2026-06-12 17:15:44,1,100,0xab99c87c0a67619acbf31fd072a15c1b2a74c58861a89149c97ae2382d5ba87a
0xfad4c61d57cd55426ea53cd0c41d60d2f1cd7a83,Early,2026-06-12 17:17:52,1,100,0xee179353528db13379e95c3b18945c40c8b18d70404b04208b4ccc422f2654c8
0xfad4c61d57cd55426ea53cd0c41d60d2f1cd7a83,Early,2026-06-12 17:19:32,1,100,0xe9c1c29eafc8ec9ca96ba49509bf3b6e056d3592cb9375b5e4422bd07a011aaf
0xfad4c61d57cd55426ea53cd0c41d60d2f1cd7a83,Early,2026-06-12 17:20:22,1,100,0xa2526c1f04c47f78807d8f11079a7655df1f148de9750c21cb6b828ccf1baaee
0xfad4c61d57cd55426ea53cd0c41d60d2f1cd7a83,Early,2026-06-12 17:20:54,1,100,0xcaccf34e1f2f876e53438f79f148113a1660292d20c6520dce59ac437181a54e
0xfad4c61d57cd55426ea53cd0c41d60d2f1cd7a83,RenaCrypt,2026-06-12 17:23:02,1,88,0x66e5a5e170f17210354332337319a86d044c9b88e293b9a1584c95d902588705
0xfad4c61d57cd55426ea53cd0c41d60d2f1cd7a83,Early,2026-06-19 17:00:19,1,100,0x08a6ce4cf5f7b6b2b0aa2ccdeeffc35fc8ab6a369f753e58074f280d3c858c30
0xfad4c61d57cd55426ea53cd0c41d60d2f1cd7a83,Early,2026-06-19 17:00:59,1,100,0x383b9c40f4300ab20db1049e8428efd83954378edf9bbe72f8c910138b704192
0xfad4c61d57cd55426ea53cd0c41d60d2f1cd7a83,Early,2026-06-19 17:02:58,1,100,0xe918ddfd396ac5446b40cf1ff287cd45cd99e70aee3f4f359a9b909bacb20297
0xfad4c61d57cd55426ea53cd0c41d60d2f1cd7a83,Early,2026-06-19 17:11:11,1,100,0xe4917629338cc2d04d6224c5889ec1b7949829c421aa6101eebcfd9334bb81d0
0xfad4c61d57cd55426ea53cd0c41d60d2f1cd7a83,Early,2026-06-19 17:22:03,1,100,0x582f4e02e7cad60351dacae43e0e708d08f2ff2b7140696911e5d31be60fbd1b
0xfad4c61d57cd55426ea53cd0c41d60d2f1cd7a83,Early,2026-06-19 17:22:51,1,100,0x6a33033b3e4fe6b37e7ea246f1f162633f68a9cf82474b4568c85de692e7f4ef
0xfad4c61d57cd55426ea53cd0c41d60d2f1cd7a83,Early,2026-06-19 17:25:03,1,100,0xc2ca58e3c65c16818251dae88ab5ce8c241b9778d8e6ca859fe65dc026dda71d
0xfad4c61d57cd55426ea53cd0c41d60d2f1cd7a83,Early,2026-06-19 17:25:52,1,100,0x4db3a5e328a241ae4e08a1c93a6bb6693f05b91d672378dbb400a2f84af294d7
0xfad4c61d57cd55426ea53cd0c41d60d2f1cd7a83,Early,2026-06-19 17:26:34,1,100,0x0746dcc7b214b75332e27b57d2a001b226867ed64077999d890d251a57868ba4
0xfad4c61d57cd55426ea53cd0c41d60d2f1cd7a83,Early,2026-06-19 17:27:17,1,100,0x2468094a45c52178a7c4ef1294fa685a27094dde7be81de4ad01901854b693fb
0xfad4c61d57cd55426ea53cd0c41d60d2f1cd7a83,Early,2026-06-19 17:28:19,1,100,0x0a82c5e1e237f32d52a3f3155cd1a832fd448ea4110fab96a7ce59ddf5a1e4dc
0xfad4c61d57cd55426ea53cd0c41d60d2f1cd7a83,Early,2026-06-19 17:28:55,1,100,0x9b113b489e4965f1f0135466d812b9f349c724d4e4f6daa4108431ac7f9fba9d
0xfad4c61d57cd55426ea53cd0c41d60d2f1cd7a83,Early,2026-06-19 17:29:26,1,100,0xfc2c5d40c899abc81c90f4a8391c678332bf0fc8da4285d7466c2cd14692d1a8
0xfad4c61d57cd55426ea53cd0c41d60d2f1cd7a83,Early,2026-06-19 17:29:56,1,100,0xfbf91be5f16e9d75ee8143b80e76d0a5ac3653a81152a5db269c19cbc8c8e423
0xfad4c61d57cd55426ea53cd0c41d60d2f1cd7a83,Early,2026-06-19 17:30:25,1,100,0x586a7076b4984a3adfe1785665964c03a80588817d5607183eb1ae0597cbbcd9
0xfad4c61d57cd55426ea53cd0c41d60d2f1cd7a83,Early,2026-06-19 17:31:02,1,100,0x0cd7e2f8c32f0ed210b2b60094d12d4b900ff735a532271bbda1d5f358a83a96
0xfad4c61d57cd55426ea53cd0c41d60d2f1cd7a83,Early,2026-06-19 17:31:36,1,100,0x5061395ef09e76160d9db3c405135f0f39e672689fd5bd668055c53a8b236ce7
0xfad4c61d57cd55426ea53cd0c41d60d2f1cd7a83,RenaCrypt,2026-06-19 22:18:57,1,88,0xc72cc4300ca1399ac5fbae0bccf39bf41c70cab19ae97838583325a60768e7c8
0xfad4c61d57cd55426ea53cd0c41d60d2f1cd7a83,RenaCrypt,2026-06-20 04:22:42,1,88,0x3558479fff4c6e7aa222d44f8c791d97a37e04a794392b1d36dfab43d04409e1
0xfad4c61d57cd55426ea53cd0c41d60d2f1cd7a83,RenaCrypt,2026-06-20 04:24:40,1,88,0xadab8bdf8ec57af8690069f6b874d2a575a5aa4086c42ce540c7a137fed89d1e
0xfad4c61d57cd55426ea53cd0c41d60d2f1cd7a83,RenaCrypt,2026-06-20 04:55:23,1,88,0x084c6c27e1a74a8a9c5850709d6bf310aa914e49e79bf2f925a717c2ebcc6223
0xfad4c61d57cd55426ea53cd0c41d60d2f1cd7a83,RenaCrypt,2026-06-20 04:55:54,1,88,0xd344fb2656d89b8459280c67f9f4e5871a25ec5be245ca814c3be1f1bbea6862
0xfad4c61d57cd55426ea53cd0c41d60d2f1cd7a83,RenaCrypt,2026-06-20 05:15:52,1,88,0x31b767e27e323b95a647374d2e06a1ef8aaa2624cc9d560e6780404c67673576
0xfad4c61d57cd55426ea53cd0c41d60d2f1cd7a83,RenaCrypt,2026-06-20 05:17:09,1,88,0xdb2d04b35285ba5cb42d37acad87a3b9d2712166b04a8e7760318e82d399f2d2
0xfad4c61d57cd55426ea53cd0c41d60d2f1cd7a83,RenaCrypt,2026-06-20 05:46:19,1,88,0xefb4fbd348d1cafed2459d02c0b91c7c4fc316fe64a251afa31d6e1b05ea7572
0xfad4c61d57cd55426ea53cd0c41d60d2f1cd7a83,RenaCrypt,2026-06-20 05:47:42,1,88,0xad371cfad81d820df89fc2b4ff184ce2d3608b382a7c3218e03450167ce5ed0b
0xfad4c61d57cd55426ea53cd0c41d60d2f1cd7a83,RenaCrypt,2026-06-20 05:48:11,1,88,0x9c152886840fb3ec098f6421d71f8d86ecabbbf415082923f113f6340106ae57
0xfad4c61d57cd55426ea53cd0c41d60d2f1cd7a83,RenaCrypt,2026-06-20 05:56:31,1,88,0x630d77c8f9998c7f7a20a34d799b899c88b847b0a90b086600cd2e91e5ab4e29
0xfad4c61d57cd55426ea53cd0c41d60d2f1cd7a83,RenaCrypt,2026-06-20 06:03:35,1,88,0x90b85349093d2b746f414d820aa53c12c5e829e765fa5efa7c790925c7da9f56
0xfad4c61d57cd55426ea53cd0c41d60d2f1cd7a83,RenaCrypt,2026-06-20 06:17:06,1,88,0xe70e59420f14b2f4eb2f76f270fe676d914ff3150303dbf631358b28d5dd00a5
0xfad4c61d57cd55426ea53cd0c41d60d2f1cd7a83,RenaCrypt,2026-06-20 06:26:58,1,88,0xcc60aedab0a0978295acff3328311f03124eea23ad64a55a66ccead91ac8cf71
0xfad4c61d57cd55426ea53cd0c41d60d2f1cd7a83,RenaCrypt,2026-06-20 06:27:29,1,88,0xfc3cc9eb088a6a539ec9ee5e57b1bb26fca3a5c46b95de442b4234576f061397
0xfad4c61d57cd55426ea53cd0c41d60d2f1cd7a83,RenaCrypt,2026-06-20 06:30:31,1,88,0x4806126db88815f35c0f45d6d760aa38d78594a226d6e9663bb66f68ae57c8b1
0xfad4c61d57cd55426ea53cd0c41d60d2f1cd7a83,RenaCrypt,2026-06-20 17:02:22,1,88,0x7aabd86a9802f0aa0c5ccb481c809cc82e49234e80230db51049835167bfcd41
0xfad4c61d57cd55426ea53cd0c41d60d2f1cd7a83,RenaCrypt,2026-06-20 23:35:57,1,88,0xf66e86bd7d0d96c34787e1d9f46a0d0c6bbf8110b42a509afe4e09f908a9b0b9
0xfad4c61d57cd55426ea53cd0c41d60d2f1cd7a83,RenaCrypt,2026-06-20 23:36:51,1,88,0x62e9cce40cbafd3dd5b1964e6e5c9190af605dbe73bb9ec98c0a88d8283066fb
0xfad4c61d57cd55426ea53cd0c41d60d2f1cd7a83,RenaCrypt,2026-06-20 23:39:00,1,88,0x45e419b7b4e4ce937e31b5e04be0e6f1ea8b3a4830934440c0d9d59f7457b3c8
0xfad4c61d57cd55426ea53cd0c41d60d2f1cd7a83,OMEGA,2026-06-26 00:51:36,5,240,0x0c6a40cc0a9f45572d39de8e84326610ce75c727cd63d823c752145b01592986
0xfad4c61d57cd55426ea53cd0c41d60d2f1cd7a83,Early,2026-06-26 17:03:23,1,100,0x7b5c6acbdaf4266c1b8df38181a3d7be344b8741ad6697787ca2c5c12963e4c2
0xfad4c61d57cd55426ea53cd0c41d60d2f1cd7a83,Early,2026-06-26 17:05:02,1,100,0x0d1bdf17f170cabe58b0a194f8ad701c764398e51c43c4c4c7704f782dfdf6da
0xfad4c61d57cd55426ea53cd0c41d60d2f1cd7a83,Early,2026-06-26 17:05:33,1,100,0x805d2a153b364ccfa9c6d7e248d0f5d28eabb3e4af320dddca87cb04d39edc52
0xfad4c61d57cd55426ea53cd0c41d60d2f1cd7a83,Early,2026-06-26 17:06:45,1,100,0x1e251c02f78efee75dca3e4b754b8dd7566372e25f2049da4a062afd0a93db50
0xfad4c61d57cd55426ea53cd0c41d60d2f1cd7a83,Early,2026-06-26 17:08:29,1,100,0x58db11191ed1104a6848161fcef1d9f38d0b05869416c23e72a6768d84c386ed
0xfad4c61d57cd55426ea53cd0c41d60d2f1cd7a83,Early,2026-06-26 17:17:24,1,100,0x185e6a68155c22a8a037adb4ee6c2e4aba746cb72ca45ee5a44f5cfd38a7e200
0xfad4c61d57cd55426ea53cd0c41d60d2f1cd7a83,Early,2026-06-26 17:18:19,1,100,0x8fd7a19f570b85b0a026341a1e3beb1f024587034dbe735616ea75d4f564d40a
0xfad4c61d57cd55426ea53cd0c41d60d2f1cd7a83,Early,2026-06-26 17:20:22,1,100,0xbf69e981a9fbe8e5acccd2cf992abff340e839a421c37fe40a3e0d0b9a065a82
0xfad4c61d57cd55426ea53cd0c41d60d2f1cd7a83,Early,2026-06-26 17:23:04,1,100,0xe750b3346ee329ed82cd8ca1dbaea809b2c3e1b03e56246f96afb11708f18425
0xfad4c61d57cd55426ea53cd0c41d60d2f1cd7a83,Early,2026-06-26 17:25:25,1,100,0x8175623e8b4f3d33aa653d7da1e9f74f0fdc5f2f004cc79e9c49be60affb06fa
0xfad4c61d57cd55426ea53cd0c41d60d2f1cd7a83,Early,2026-06-26 17:28:07,1,100,0x0953a52bd52f9899ea3a2e405763213666f54a211b2abfa1218c4cf417ec0629
0xfad4c61d57cd55426ea53cd0c41d60d2f1cd7a83,Early,2026-06-26 17:30:06,1,100,0xa1ff1504cb529eb06eedd04d26e662c27ba67040ebe69fd80482e2fbd0b52d88
0xfad4c61d57cd55426ea53cd0c41d60d2f1cd7a83,Early,2026-06-26 17:31:43,1,100,0x3704d36497ccbe7bd7c0b0a9fe59aa16a00412649f4d6ba3df23cce3214ebd83
0xfad4c61d57cd55426ea53cd0c41d60d2f1cd7a83,Early,2026-06-26 17:32:53,1,100,0xa9ced6c6a41e907e6c7c74b0198c7f90e51dd89c377caaf20c5cdb978a141359
0xfad4c61d57cd55426ea53cd0c41d60d2f1cd7a83,Early,2026-06-26 17:35:13,1,100,0x007014a94528d2f619d6556c5aba2dad82ea78ec73aefec2a819bedaf0c6719e
0xfad4c61d57cd55426ea53cd0c41d60d2f1cd7a83,Early,2026-06-26 17:36:08,1,100,0x3c9284c3a7fa7696d7b1fdc20dd92e3701bb312b64ac76e93f2315ec1f65749b
0xfad4c61d57cd55426ea53cd0c41d60d2f1cd7a83,Early,2026-06-26 17:36:50,1,100,0x817979f8ec31a8eae9c874d7803b4daedd6782d914baf37c41ca90439c7076c4
0xfad4c61d57cd55426ea53cd0c41d60d2f1cd7a83,Early,2026-06-26 17:38:40,1,100,0x79284512d8eda2d865ce9965b329f4c7b33028a27211ecc9d5e0c4b4165cb255
0xfad4c61d57cd55426ea53cd0c41d60d2f1cd7a83,Early,2026-06-26 17:39:19,1,100,0xc9fef36b757ae0ed6aa2323602bbd3a4176d88e37af98ea1ab0322d7cc51d9d0
0xfad4c61d57cd55426ea53cd0c41d60d2f1cd7a83,Early,2026-06-26 17:40:18,1,100,0xc4cb10d7b9b352533251b3f65359bab1988bade0876d494bd7334f8e5c7adf48
0xfad4c61d57cd55426ea53cd0c41d60d2f1cd7a83,Early,2026-06-26 17:43:11,1,100,0x4e0a4481351fefd99fa9e87394aad7cd26eb8cd65c7ae1b68ecf7a73c5a47ce0
0xfad4c61d57cd55426ea53cd0c41d60d2f1cd7a83,Early,2026-06-26 17:43:43,1,100,0x026ea30ca33d72e8172fa83891b78f49ad239ac1b9bec61f63895d369f28257d
0xfad4c61d57cd55426ea53cd0c41d60d2f1cd7a83,Early,2026-06-26 17:44:48,1,100,0x4bbe891f0c508bb76a4240ea57ed3075e603586cf1e7d928a7aeb1f0a86179eb
0xfad4c61d57cd55426ea53cd0c41d60d2f1cd7a83,Early,2026-06-26 17:45:31,1,100,0xcf62218a2f35c645391d407cee731e95cfa472af45829205332474eac354c078
0xfad4c61d57cd55426ea53cd0c41d60d2f1cd7a83,Early,2026-06-26 17:47:20,1,100,0x829aebf074da30947463acc3a2b72af211a9178463b48343af6a181f6dd6c6ac
0xfad4c61d57cd55426ea53cd0c41d60d2f1cd7a83,Early,2026-06-26 17:47:58,1,100,0x13e6b1eeb3ecbf53f2eccaa96d39f22dec12a2adf9a4ac4469507cfc7d3a6e99
0xfad4c61d57cd55426ea53cd0c41d60d2f1cd7a83,Early,2026-06-26 17:48:58,1,100,0x2759206722af4e424f6b1a876cab0a0de8aec31cb7d67a7ed5893f8ce71203ac
0xfad4c61d57cd55426ea53cd0c41d60d2f1cd7a83,Early,2026-06-26 17:55:08,1,100,0xbaf734d76444a185b0aa10853322e92bd62172cdc0b88c7d9d29f0b8771102d8
0xfad4c61d57cd55426ea53cd0c41d60d2f1cd7a83,Early,2026-06-26 17:55:43,1,100,0x506f386d9bccc64ff1fe95784a62382ca5983d3191b5a14dc82cea38f9e1e87b
0xfad4c61d57cd55426ea53cd0c41d60d2f1cd7a83,Early,2026-06-26 17:56:31,1,100,0x0d6aa799890fc3fd86ec1ed72c818b33deab36d46be16728cb1d525821868f7c
0xfad4c61d57cd55426ea53cd0c41d60d2f1cd7a83,Early,2026-06-26 17:58:24,1,100,0xa0dbc63ee66993498c77881a425e1beac38912e722d29a86278ed288ef358bbc
0xfad4c61d57cd55426ea53cd0c41d60d2f1cd7a83,Early,2026-06-26 17:59:13,1,100,0x1ed447cc7ebd8b4609970d6b8c66878b33ab3ae157164850066c1b88a2daf269
0xfad4c61d57cd55426ea53cd0c41d60d2f1cd7a83,Early,2026-06-26 17:59:48,1,100,0xa0029ad575149e2db087c5a4176a175a4b86385a2596128ec3366ad953d60c94
0xfad4c61d57cd55426ea53cd0c41d60d2f1cd7a83,Early,2026-06-26 18:00:45,1,100,0x1270914f81f1b586fb2da644069c6419bfd216842af28b3ec8f79ad4ddda4689
0xfad4c61d57cd55426ea53cd0c41d60d2f1cd7a83,Early,2026-06-26 18:01:53,1,100,0xb448593fffd8cc92d615476f25a699d3af360c07004ea4f3f5f4bf7d022669c7
0xfad4c61d57cd55426ea53cd0c41d60d2f1cd7a83,Early,2026-06-26 18:03:39,1,100,0x00c6f19356692061c75a93c402a4ba4005592cb3b23c6bb1dfbf177720016ea6
0xfad4c61d57cd55426ea53cd0c41d60d2f1cd7a83,Early,2026-06-26 18:04:21,1,100,0xd55abb09f94d483bb6c27af3ac2da67d858a898734605cbd285fc14b80fd61d5
0xfad4c61d57cd55426ea53cd0c41d60d2f1cd7a83,Early,2026-06-26 18:04:51,1,100,0xaa4b1d6bb6831b7d064789490981e9006f386b992d4938e60839b45eea7b22eb
0xfad4c61d57cd55426ea53cd0c41d60d2f1cd7a83,Early,2026-06-26 18:05:24,1,100,0x9e0cf06a53e164d6f6ebd8c0fe98e06fb7c7e03f3fa22389307d73bb0efe84a0
0xfad4c61d57cd55426ea53cd0c41d60d2f1cd7a83,Early,2026-06-26 18:06:21,1,100,0x2f323809a1a045b6c659f63d3b429d3c713c72b280c7d7e757eb800fc3f17023
0xfad4c61d57cd55426ea53cd0c41d60d2f1cd7a83,Early,2026-06-26 18:07:49,1,100,0x98f68e5955059e6c5cf6a935ca034516ba336d32ce5609e96f811fa74908a763
0xfad4c61d57cd55426ea53cd0c41d60d2f1cd7a83,Early,2026-06-26 18:08:22,1,100,0xa8ae0a34ba4733190ff1f0d3c0e881ebfa89f66773bb4a4bd4e8871bb7cb4321
0xfad4c61d57cd55426ea53cd0c41d60d2f1cd7a83,Early,2026-06-26 18:08:56,1,100,0xd9c3c4f38d29df44ba6a76d6ad716d9edfa68fc9abc3bb921c6cb2b4dd9fd66d
0xfad4c61d57cd55426ea53cd0c41d60d2f1cd7a83,Early,2026-06-26 18:09:41,1,100,0xb1ca5332e6bbf7234ba60f59552d41978ac8392f71e7e595cc37a1db23f48df1
0xfad4c61d57cd55426ea53cd0c41d60d2f1cd7a83,Early,2026-06-26 18:11:10,1,100,0x983059403ff514752df2e1c484dca7fb30572b5d21337cbf32170e6f65a85ab3
0xfad4c61d57cd55426ea53cd0c41d60d2f1cd7a83,Early,2026-06-26 18:12:20,1,100,0x2dc6ff9e944fe049585ad089b9d9a6906192fc948d8d612a59678b7daa0f3f85
0xfad4c61d57cd55426ea53cd0c41d60d2f1cd7a83,Early,2026-06-26 18:12:50,1,100,0xf06e17241e292318b1e9f1aba4b365e7909df865440fdb3f1773e7accdb6b62a
0xfad4c61d57cd55426ea53cd0c41d60d2f1cd7a83,Early,2026-06-26 18:15:12,1,100,0x498bedcc28a20fd8d84806910bc1a0ef97b66df5d65878bad11531a1ee41cd76
0xfad4c61d57cd55426ea53cd0c41d60d2f1cd7a83,Early,2026-06-26 18:16:04,1,100,0x5cd4ca93e4419d4d68d2ecb53dec3ec20ad18bca50979bd226e0dfbf11d47ae9
0xfad4c61d57cd55426ea53cd0c41d60d2f1cd7a83,Early,2026-06-26 18:16:45,1,100,0x79cb85c9dd2993fad4d337eaa64a0e8fccaa06025fbe86dfe1e01402d7c98924
0xfad4c61d57cd55426ea53cd0c41d60d2f1cd7a83,Early,2026-06-26 18:17:28,1,100,0xa1e8cb1ab9e79f0c0c6af45d0b199660b93f4092b62c62e6ce86c98319fc1ccc
0xfad4c61d57cd55426ea53cd0c41d60d2f1cd7a83,Early,2026-06-26 18:19:19,1,100,0x4aba29ef13e5b38be998fc6a4dc65d8d80be7ccd2066abd574ba93c3da86eb51
0xfad4c61d57cd55426ea53cd0c41d60d2f1cd7a83,Early,2026-06-26 18:21:39,1,100,0x99444d8ee14bcc47494a12b420c05eb76948ab1c94e41a78b6af67a9418bf6dc
0xfad4c61d57cd55426ea53cd0c41d60d2f1cd7a83,Early,2026-06-26 18:22:16,1,100,0x52d5d03e066db7621b890b0b98138e9f71ac70b2655440f05f8d77f5a6557f2c
0xfad4c61d57cd55426ea53cd0c41d60d2f1cd7a83,Early,2026-06-26 18:22:51,1,100,0x42e75f03ceeed2edcbda801b8b4c3aa1769b80b8c2d83d143be5374199d8f428
0xfad4c61d57cd55426ea53cd0c41d60d2f1cd7a83,Early,2026-06-26 18:23:21,1,100,0x3a0e1896f1093498d988cb2d3f83ffb0e3c06d2e8831f364a69b81b775c7985f
0xfad4c61d57cd55426ea53cd0c41d60d2f1cd7a83,Early,2026-06-26 18:23:55,1,100,0xc08e12fa60f8f94da81e4d07f198b307ed89663664df3312f4ec4db8e916a47a
0xfad4c61d57cd55426ea53cd0c41d60d2f1cd7a83,Early,2026-06-26 18:25:10,1,100,0x353178c2dbccb1859e2db58f8cffa1b325ce045d7ffe7ce452d16b55a1164d26
0xfad4c61d57cd55426ea53cd0c41d60d2f1cd7a83,Early,2026-06-26 18:25:41,1,100,0xbe570267405d1891168441ece755c79b11a7b0f17dae1c7e58703f336a93a59f
0xfad4c61d57cd55426ea53cd0c41d60d2f1cd7a83,Early,2026-06-26 18:56:48,1,100,0x75f7ef5c3fe2fa0a81c2c0ef0697c5d32d75dae9781166204626556fc1920381
0xfad4c61d57cd55426ea53cd0c41d60d2f1cd7a83,Early,2026-06-26 18:57:22,1,100,0x44d3cd47449963f3d034e65b13a9d0e259ac6bb324bc33c202c24162e22bc23b
0xfad4c61d57cd55426ea53cd0c41d60d2f1cd7a83,Early,2026-06-26 19:11:35,1,100,0xeee1a4a3eecf2a305ca1dfca8910651b4e7ee71ddc669e8895846b1da7770378
0xfad4c61d57cd55426ea53cd0c41d60d2f1cd7a83,Early,2026-06-26 19:12:06,1,100,0xc07efc2d53b7b86377ec97703a24c2ce5f3b1beeaf8fc4123d6ad7086a487e66
0xfad4c61d57cd55426ea53cd0c41d60d2f1cd7a83,Early,2026-06-26 19:12:42,1,100,0xda514db488db386fe725c608f133dc5687cd08939603819445803d72c81f9138
0xfad4c61d57cd55426ea53cd0c41d60d2f1cd7a83,Early,2026-06-26 19:13:30,1,100,0x0f29e3ee18474aa16c11d79274ba27795513d56914b861dc6eee788142cf3c02
0xfad4c61d57cd55426ea53cd0c41d60d2f1cd7a83,Early,2026-06-26 19:14:22,1,100,0xea2daefd95e96f182a63b10f942c86fd5cd10d1958cab5f8c1214e0822b742ee
0xfad4c61d57cd55426ea53cd0c41d60d2f1cd7a83,Early,2026-06-26 19:17:30,1,100,0x6746c55878b616cdda4f19f430f44cd40c6a66e9b968e14ec84a056e77ae650f
0xfad4c61d57cd55426ea53cd0c41d60d2f1cd7a83,Early,2026-06-26 19:18:03,1,100,0x03831a35f4e5006f494c56cb4a5438c6d12ec6ed529a29191dd6674d9b7272b8
0xfad4c61d57cd55426ea53cd0c41d60d2f1cd7a83,Early,2026-06-26 19:18:59,1,100,0x7f8ce69db7b7284df5d78a1b67ba310113722a75b5f0b8d16f2423d14081891e
0xfad4c61d57cd55426ea53cd0c41d60d2f1cd7a83,Early,2026-06-26 19:20:22,1,100,0xeecfff00b45297118ff8f862b95e2dd866cb5ce729427d222b8a91be00e8d866
0xfad4c61d57cd55426ea53cd0c41d60d2f1cd7a83,Early,2026-06-26 19:21:34,1,100,0x8103b7c8b1a95fb3aa3dd39b218c6a193ef022e0aa3b137b18fac10f780af61d
0xfad4c61d57cd55426ea53cd0c41d60d2f1cd7a83,Early,2026-06-26 19:22:11,1,100,0xe343a5b1c003225c29f21f458f127b2f9eff7d5bf55aca2ccf437827cf9bdbd3
0xfad4c61d57cd55426ea53cd0c41d60d2f1cd7a83,Early,2026-06-26 19:22:41,1,100,0xa8a63a4d090795fa1076e6d24e8fe3633f84076b0e1bb074d3d85469e1f4aaa2
0xfad4c61d57cd55426ea53cd0c41d60d2f1cd7a83,Early,2026-06-26 19:23:21,1,100,0xe4ca2ee413e681937f635e211d0bb5d6e6210172dbe371201204af396e86898f
0xfad4c61d57cd55426ea53cd0c41d60d2f1cd7a83,Early,2026-06-26 19:23:53,1,100,0xd4e3fd53c8c699eb78aefae841637dcb60cc81557ac21572bbb6ac3dcd4a7be2
0xfad4c61d57cd55426ea53cd0c41d60d2f1cd7a83,Early,2026-06-26 19:24:25,1,100,0x7dae206fa4d420b0159d73ec9ea316a0b9c40800a5081bb9b5726816e22c1fe5
0xfad4c61d57cd55426ea53cd0c41d60d2f1cd7a83,RenaCrypt,2026-06-26 19:27:56,1,88,0xac033b54c2f411b6c8c816153e43d1bebd10dafb763ed6b5586990db13ca16cf
